"dataset_id","device_id","timestamp","dt_arrival","lat","lon","speed","heading","quality","engine","veh_type"
1,7256380,2023-03-24 08:17:03.000,2023-03-24 09:12:03.000 +0100,"40,75007","14,679918","0",228,10,moving,2
1,7253874,2023-03-24 08:22:57.000,2023-03-24 09:17:57.000 +0100,"41,939368","12,488853","84",96,10,moving,2
1,7253874,2023-03-27 13:23:30.000,2023-03-27 15:18:30.000 +0200,"41,923013","12,568248","29",32,10,moving,2
1,4587566,2023-03-27 13:36:02.000,2023-03-27 15:31:02.000 +0200,"43,23991","13,21602","0",0,80,moving,2
1,4598694,2023-03-02 16:18:19.000,2023-03-02 17:13:19.000 +0100,"40,99791","16,869347","11",82,16,moving,1
1,2808008,2023-03-27 14:55:29.000,2023-03-27 16:50:29.000 +0200,"45,499183","9,074776","26",10,10,moving,2
1,4562160,2023-03-08 12:15:16.000,2023-03-08 13:10:16.000 +0100,"41,046101","14,345708","27",4,9,moving,1
1,1653246,2023-03-02 16:27:32.000,2023-03-02 17:22:32.000 +0100,"41,882931","12,520157","0",0,12,moving,1
1,7254005,2023-03-27 03:33:09.000,2023-03-27 05:28:09.000 +0200,"41,234603","16,493331","9",216,10,moving,2
1,4472110,2023-03-02 16:39:06.000,2023-03-02 17:34:06.000 +0100,"41,441158","15,561538","21",180,11,moving,1
1,4076459,2023-03-02 17:12:14.000,2023-03-02 18:07:14.000 +0100,"38,487953","15,975404","16",108,9,moving,1
1,7244656,2023-03-27 13:26:58.000,2023-03-27 15:21:58.000 +0200,"37,556236","14,51579","0",0,10,moving,2
1,4275130,2023-03-02 16:43:57.000,2023-03-02 17:38:57.000 +0100,"45,79073","9,095994","37",66,15,moving,1
1,7254005,2023-03-27 02:31:27.000,2023-03-27 04:26:27.000 +0200,"41,232225","16,499948","0",0,10,moving,2
1,4614314,2023-03-02 17:14:24.000,2023-03-02 18:09:24.000 +0100,"44,812103","8,136595","110",210,11,moving,1
1,4650383,2023-03-01 03:43:08.000,2023-03-01 04:38:08.000 +0100,"45,536007","12,141038","87",176,13,on,1
1,4483098,2023-03-02 16:49:09.000,2023-03-02 17:44:09.000 +0100,"45,230865","7,592747","33",112,8,moving,1
1,4569393,2023-03-24 08:15:04.000,2023-03-24 09:10:04.000 +0100,"41,72751","13,63366","13",136,10,moving,2
1,4627624,2023-03-08 13:09:21.000,2023-03-08 14:04:21.000 +0100,"40,82185","14,772526","43",90,11,moving,1
1,5987233,2023-03-01 04:10:49.000,2023-03-01 05:05:49.000 +0100,"37,790604","14,830941","3",336,13,on,1
1,5987233,2023-03-02 16:18:15.000,2023-03-02 17:13:15.000 +0100,"37,790333","14,831028","0",290,9,moving,1
1,7254005,2023-03-27 21:18:29.000,2023-03-27 23:13:29.000 +0200,"41,244658","16,50393","1",0,10,moving,2
1,7254005,2023-03-24 08:10:37.000,2023-03-24 09:05:37.000 +0100,"41,235061","16,505565","13",119,10,moving,2
1,7243274,2023-03-24 11:46:44.000,2023-03-24 12:41:44.000 +0100,"45,675378","9,640878","0",0,10,moving,2
1,3322105,2023-03-08 13:11:40.000,2023-03-08 14:06:40.000 +0100,"40,723679","14,571002","1",180,11,moving,1
1,5987233,2023-03-01 01:58:21.000,2023-03-01 02:53:21.000 +0100,"37,790531","14,830909","2",58,17,on,1
1,7254005,2023-03-27 21:19:19.000,2023-03-27 23:14:19.000 +0200,"41,244986","16,505123","0",0,10,moving,2
1,5987233,2023-03-01 03:17:47.000,2023-03-01 04:12:47.000 +0100,"37,790493","14,83092","3",242,19,on,1
1,4599856,2023-03-02 16:44:53.000,2023-03-02 17:39:53.000 +0100,"42,440987","14,234112","73",100,13,moving,1
1,5987233,2023-03-01 00:02:07.000,2023-03-01 00:57:07.000 +0100,"37,790386","14,83083","6",288,38,on,1
1,7257415,2023-03-28 03:35:39.000,2023-03-28 05:30:39.000 +0200,"44,859633","10,23807","0",0,10,moving,2
1,7254005,2023-03-27 02:35:56.000,2023-03-27 04:30:56.000 +0200,"41,232716","16,500568","0",0,10,moving,2
1,5987233,2023-03-01 02:52:29.000,2023-03-01 03:47:29.000 +0100,"37,790615","14,830275","4",264,38,on,1
1,1653729,2023-03-02 16:38:31.000,2023-03-02 17:33:31.000 +0100,"41,334713","14,338016","1",0,17,moving,1
1,5987233,2023-03-01 04:05:50.000,2023-03-01 05:00:50.000 +0100,"37,790512","14,830932","2",224,11,on,1
1,5987233,2023-03-01 02:09:37.000,2023-03-01 03:04:37.000 +0100,"37,790428","14,830835","2",6,17,on,1
1,2787281,2023-03-27 06:03:55.000,2023-03-27 07:58:55.000 +0200,"45,61538","9,486721","0",0,10,moving,2
1,5987233,2023-03-01 01:49:17.000,2023-03-01 02:44:17.000 +0100,"37,790508","14,83095","3",320,18,on,1
1,4359980,2023-03-02 16:40:35.000,2023-03-02 17:35:35.000 +0100,"45,522141","9,043787","0",0,11,moving,1
1,7254005,2023-03-27 21:25:29.000,2023-03-27 23:20:29.000 +0200,"41,24358","16,502008","0",0,10,moving,2
1,5987233,2023-03-01 04:43:20.000,2023-03-01 05:38:20.000 +0100,"37,790478","14,830807","3",280,24,on,1
1,7243274,2023-03-24 13:04:16.000,2023-03-24 13:59:16.000 +0100,"45,571971","10,034848","87",284,10,moving,2
1,7254005,2023-03-27 22:04:39.000,2023-03-27 23:59:39.000 +0200,"41,242603","16,495896","0",0,10,moving,2
1,4103929,2023-03-02 16:31:00.000,2023-03-02 17:26:00.000 +0100,"41,940914","12,424565","0",130,19,moving,1
1,5987233,2023-03-01 03:13:32.000,2023-03-01 04:08:32.000 +0100,"37,790375","14,831035","4",216,19,on,1
1,2782444,2023-03-24 13:12:48.000,2023-03-24 14:07:48.000 +0100,"44,560348","10,808881","0",0,80,moving,2
1,4589200,2023-03-01 00:56:48.000,2023-03-01 01:51:48.000 +0100,"45,782234","9,315253","3",322,8,on,1
1,5987233,2023-03-01 02:45:39.000,2023-03-01 03:40:39.000 +0100,"37,790432","14,830773","3",250,14,on,1
1,2760850,2023-03-24 06:44:32.000,2023-03-24 07:39:32.000 +0100,"43,835476","7,818728","15",14,10,moving,2
1,5987233,2023-03-01 03:31:39.000,2023-03-01 04:26:39.000 +0100,"37,790333","14,831005","1",114,14,on,1
1,7236441,2023-03-29 09:56:19.000,2023-03-29 11:51:19.000 +0200,"47,542708","16,118126","83",239,10,moving,2
1,4429588,2023-03-02 16:35:53.000,2023-03-02 17:30:53.000 +0100,"41,603489","12,653193","0",0,14,on,1
1,5987233,2023-03-01 04:49:48.000,2023-03-01 05:44:48.000 +0100,"37,790794","14,830662","8",332,30,on,1
1,5987233,2023-03-01 01:30:37.000,2023-03-01 02:25:37.000 +0100,"37,79044","14,831146","6",122,17,on,1
1,4589200,2023-02-28 23:21:37.000,2023-03-01 00:16:37.000 +0100,"45,75264","9,2975","0",298,8,moving,1
1,1668024,2023-03-02 17:39:06.000,2023-03-02 18:34:06.000 +0100,"41,050049","15,795881","4",0,14,moving,1
1,5987233,2023-03-01 02:31:25.000,2023-03-01 03:26:25.000 +0100,"37,790497","14,830894","3",152,21,on,1
1,5987233,2023-03-01 03:14:50.000,2023-03-01 04:09:50.000 +0100,"37,79039","14,830935","3",306,26,on,1
1,2760850,2023-03-27 05:19:22.000,2023-03-27 07:14:22.000 +0200,"43,830745","7,830173","54",64,80,moving,2
1,7240363,2023-03-28 03:44:03.000,2023-03-28 05:39:03.000 +0200,"44,862738","11,579236","0",0,10,moving,2
1,7240363,2023-03-24 11:41:49.000,2023-03-24 12:36:49.000 +0100,"40,283723","16,717958","69",203,10,moving,2
1,2760850,2023-03-28 01:48:12.000,2023-03-28 03:43:12.000 +0200,"43,803793","7,749511","0",128,10,moving,2
1,4619793,2023-03-01 06:11:51.000,2023-03-01 07:06:51.000 +0100,"40,615952","14,345425","38",62,12,moving,1
1,7240363,2023-03-29 05:51:50.000,2023-03-29 07:46:50.000 +0200,"43,825731","11,128111","0",0,10,moving,2
1,2760850,2023-03-30 03:47:53.000,2023-03-30 05:42:53.000 +0200,"43,823168","7,768435","0",33,10,moving,2
1,2760850,2023-03-30 03:46:23.000,2023-03-30 05:41:23.000 +0200,"43,823156","7,768546","0",342,10,moving,2
1,4619793,2023-03-01 06:11:11.000,2023-03-01 07:06:11.000 +0100,"40,613033","14,344027","20",62,9,moving,1
1,4623520,2023-03-01 06:12:27.000,2023-03-01 07:07:27.000 +0100,"40,933193","14,246855","8",26,11,moving,1
1,7240363,2023-03-29 11:02:10.000,2023-03-29 12:57:10.000 +0200,"44,089995","10,45281","27",297,10,moving,2
1,4569393,2023-03-29 12:47:54.000,2023-03-29 14:42:54.000 +0200,"41,79359","12,59123","94",142,10,moving,2
1,4617924,2023-03-01 05:58:01.000,2023-03-01 06:53:01.000 +0100,"44,533249","11,361905","81",204,8,moving,1
1,2760850,2023-03-30 05:22:58.000,2023-03-30 07:17:58.000 +0200,"43,818338","7,77132","0",309,10,moving,2
1,4569393,2023-03-30 12:22:59.000,2023-03-30 14:17:59.000 +0200,"41,83282","12,58744","43",26,10,moving,2
1,5970734,2023-03-01 06:35:46.000,2023-03-01 07:30:46.000 +0100,"44,435825","26,10416","0",266,6,moving,1
1,4617924,2023-03-01 06:39:01.000,2023-03-01 07:34:01.000 +0100,"44,224518","12,107615","69",300,9,moving,1
1,4619793,2023-03-01 06:29:11.000,2023-03-01 07:24:11.000 +0100,"40,622051","14,381804","28",10,10,moving,1
1,7240363,2023-03-30 11:20:18.000,2023-03-30 13:15:18.000 +0200,"44,961273","11,644023","89",205,10,moving,2
1,4569393,2023-03-31 07:27:34.000,2023-03-31 09:22:34.000 +0200,"41,791","12,3798","63",244,10,moving,2
1,3176092,2023-03-01 07:33:54.000,2023-03-01 08:28:54.000 +0100,"45,71344","8,261376","0",0,10,moving,1
1,7240363,2023-03-30 11:44:59.000,2023-03-30 13:39:59.000 +0200,"44,6632","11,458033","90",214,10,moving,2
1,4623520,2023-03-01 08:59:01.000,2023-03-01 09:54:01.000 +0100,"40,933914","14,241388","25",72,8,moving,1
1,1700225,2023-03-01 08:29:10.000,2023-03-01 09:24:10.000 +0100,"45,74408","9,130659","43",328,13,moving,1
1,4633445,2023-03-01 09:04:25.000,2023-03-01 09:59:25.000 +0100,"45,547977","9,21523","54",88,8,moving,1
1,4612277,2023-03-01 09:02:18.000,2023-03-01 09:57:18.000 +0100,"41,077511","14,331306","14",184,29,moving,1
1,7240363,2023-03-31 06:36:20.000,2023-03-31 08:31:20.000 +0200,"44,683843","10,857571","6",151,10,moving,2
1,1636091,2023-03-01 08:38:23.000,2023-03-01 09:33:23.000 +0100,"41,954788","12,518269","4",102,11,moving,1
1,7240363,2023-03-31 08:34:20.000,2023-03-31 10:29:20.000 +0200,"44,572183","11,122128","0",0,10,moving,2
1,4633445,2023-03-01 09:06:25.000,2023-03-01 10:01:25.000 +0100,"45,548107","9,222466","32",86,8,moving,1
1,2788912,2023-03-29 08:01:31.000,2023-03-29 09:56:31.000 +0200,"45,465435","11,996516","63",194,10,moving,2
1,3176092,2023-03-01 09:42:36.000,2023-03-01 10:37:36.000 +0100,"45,728123","8,301359","40",354,11,moving,1
1,7240363,2023-03-29 13:27:42.000,2023-03-29 15:22:42.000 +0200,"44,446866","11,279858","89",8,10,moving,2
1,7240363,2023-03-30 05:20:05.000,2023-03-30 07:15:05.000 +0200,"45,264195","11,499665","0",0,10,on,2
1,1700225,2023-03-01 10:19:22.000,2023-03-01 11:14:22.000 +0100,"45,460758","9,226141","39",266,22,moving,1
1,2760850,2023-03-30 16:28:45.000,2023-03-30 18:23:45.000 +0200,"43,82289","7,836286","0",72,10,on,2
1,7240363,2023-03-31 03:29:15.000,2023-03-31 05:24:15.000 +0200,"44,573451","11,122386","0",0,10,on,2
1,7240363,2023-03-31 10:43:34.000,2023-03-31 12:38:34.000 +0200,"44,685613","10,852586","11",228,10,moving,2
1,7240363,2023-03-31 10:40:26.000,2023-03-31 12:35:26.000 +0200,"44,677791","10,849131","26",1,10,moving,2
1,7240363,2023-03-31 13:59:59.000,2023-03-31 15:54:59.000 +0200,"44,572086","11,12212","0",0,10,moving,2
1,4623520,2023-03-01 11:56:44.000,2023-03-01 12:51:44.000 +0100,"40,93428","14,246305","23",342,10,moving,1
1,2784991,2023-03-31 14:59:33.000,2023-03-31 16:54:33.000 +0200,"45,483065","9,192741","0",0,10,on,2
1,4569393,2023-03-31 13:46:11.000,2023-03-31 15:41:11.000 +0200,"41,83211","12,58276","21",44,10,moving,2
1,4623520,2023-03-01 12:00:04.000,2023-03-01 12:55:04.000 +0100,"40,932728","14,247258","7",150,9,moving,1
1,4619793,2023-03-01 12:38:46.000,2023-03-01 13:33:46.000 +0100,"40,62698","14,382658","21",78,29,moving,1
1,1700225,2023-03-01 12:18:17.000,2023-03-01 13:13:17.000 +0100,"45,560646","9,249348","81",266,17,moving,1
1,4619793,2023-03-01 12:19:43.000,2023-03-01 13:14:43.000 +0100,"40,626122","14,376072","0",348,12,moving,1
1,4633445,2023-03-01 12:56:03.000,2023-03-01 13:51:03.000 +0100,"45,533096","9,215807","0",0,9,moving,1
1,7240363,2023-03-31 10:19:25.000,2023-03-31 12:14:25.000 +0200,"44,52922","11,143913","46",203,10,moving,2
1,4569393,2023-03-29 12:58:04.000,2023-03-29 14:53:04.000 +0200,"41,77473","12,61029","0",0,10,on,2
1,7240363,2023-03-30 04:48:12.000,2023-03-30 06:43:12.000 +0200,"45,222561","11,611425","11",258,10,moving,2
1,7240363,2023-03-29 13:13:20.000,2023-03-29 15:08:20.000 +0200,"44,274368","11,194121","90",34,10,moving,2
1,7240363,2023-03-29 13:09:57.000,2023-03-29 15:04:57.000 +0200,"44,230443","11,183853","90",359,10,moving,2
1,7240363,2023-03-30 04:52:33.000,2023-03-30 06:47:33.000 +0200,"45,238088","11,589775","57",354,10,moving,2
1,4569393,2023-03-29 12:52:27.000,2023-03-29 14:47:27.000 +0200,"41,77875","12,60521","2",0,10,moving,2
1,1700225,2023-03-01 13:59:23.000,2023-03-01 14:54:23.000 +0100,"45,512241","9,179567","78",170,24,moving,1
1,3176092,2023-03-01 14:05:45.000,2023-03-01 15:00:45.000 +0100,"45,765121","8,310642","18",202,22,moving,1
1,7240363,2023-03-30 04:50:11.000,2023-03-30 06:45:11.000 +0200,"45,22439","11,593945","56",272,10,moving,2
1,7239220,2023-03-28 02:46:01.000,2023-03-28 04:41:01.000 +0200,"40,937651","8,213386","0",0,10,moving,2
1,2764018,2023-03-27 05:19:26.000,2023-03-27 07:14:26.000 +0200,"44,80386","12,17461","54",322,10,moving,2
1,7245201,2023-03-28 02:51:42.000,2023-03-28 04:46:42.000 +0200,"44,899903","11,032938","4",72,10,moving,2
1,2781066,2023-03-29 05:27:43.000,2023-03-29 07:22:43.000 +0200,"44,49635","11,017191","2",329,10,moving,2
1,5236538,2023-03-01 05:54:39.000,2023-03-01 06:49:39.000 +0100,"41,004993","14,19589","0",0,17,moving,1
1,2764018,2023-03-31 02:34:23.000,2023-03-31 04:29:23.000 +0200,"44,679555","12,20194","61",146,10,moving,2
1,7236456,2023-03-31 04:46:20.000,2023-03-31 06:41:20.000 +0200,"46,026801","13,21291","100",6,10,moving,2
1,5089046,2023-03-01 06:37:36.000,2023-03-01 07:32:36.000 +0100,"45,363796","11,888827","6",318,23,moving,1
1,2764018,2023-03-31 05:45:25.000,2023-03-31 07:40:25.000 +0200,"44,657891","12,244481","35",222,10,moving,2
1,2764018,2023-03-31 04:40:14.000,2023-03-31 06:35:14.000 +0200,"44,644223","12,255281","0",155,10,moving,2
1,3282574,2023-03-01 06:54:05.000,2023-03-01 07:49:05.000 +0100,"44,470772","11,272088","0",0,8,moving,1
1,11065441,2023-03-30 15:24:31.000,2023-03-30 17:19:31.000 +0200,"43,14084","11,81899","0",0,10,moving,2
1,7236456,2023-03-29 06:41:03.000,2023-03-29 08:36:03.000 +0200,"45,768625","13,169303","0",0,10,moving,2
1,2764018,2023-03-29 06:11:07.000,2023-03-29 08:06:07.000 +0200,"44,740986","12,24081","17",109,10,moving,2
1,2764018,2023-03-29 06:16:09.000,2023-03-29 08:11:09.000 +0200,"44,740011","12,238465","0",76,10,moving,2
1,7245201,2023-03-31 06:30:46.000,2023-03-31 08:25:46.000 +0200,"44,900853","11,031465","0",0,10,moving,2
1,7245201,2023-03-30 03:32:16.000,2023-03-30 05:27:16.000 +0200,"44,900448","11,031113","0",21,10,moving,2
1,7245201,2023-03-31 11:49:51.000,2023-03-31 13:44:51.000 +0200,"44,899465","11,032845","0",0,10,on,2
1,2764018,2023-03-30 03:34:23.000,2023-03-30 05:29:23.000 +0200,"44,667003","12,236471","44",86,10,moving,2
1,3282574,2023-03-01 09:14:25.000,2023-03-01 10:09:25.000 +0100,"44,484844","11,239986","30",286,13,moving,1
1,7236456,2023-03-30 11:46:14.000,2023-03-30 13:41:14.000 +0200,"45,792141","13,406706","36",343,10,moving,2
1,2781066,2023-03-31 02:21:43.000,2023-03-31 04:16:43.000 +0200,"44,559871","10,80364","0",0,10,moving,2
1,11065441,2023-03-31 04:16:26.000,2023-03-31 06:11:26.000 +0200,"43,66763","10,66052","0",0,10,moving,2
1,2781066,2023-03-31 02:27:15.000,2023-03-31 04:22:15.000 +0200,"44,559828","10,803636","0",0,10,moving,2
1,1676199,2023-03-01 10:03:43.000,2023-03-01 10:58:43.000 +0100,"41,240852","16,319675","65",162,10,moving,1
1,7236456,2023-03-29 07:45:13.000,2023-03-29 09:40:13.000 +0200,"45,808856","13,162938","62",322,10,moving,2
1,7245201,2023-03-29 06:02:35.000,2023-03-29 07:57:35.000 +0200,"44,899331","11,03336","0",0,10,moving,2
1,2764018,2023-03-29 06:00:02.000,2023-03-29 07:55:02.000 +0200,"44,739643","12,24296","54",181,10,moving,2
1,2781066,2023-03-29 07:48:22.000,2023-03-29 09:43:22.000 +0200,"44,486756","11,000665","0",0,10,moving,2
1,2764018,2023-03-29 10:23:39.000,2023-03-29 12:18:39.000 +0200,"44,69063","12,182096","0",273,10,on,2
1,3384278,2023-03-01 11:06:52.000,2023-03-01 12:01:52.000 +0100,"45,013962","7,655849","0",0,10,moving,1
1,2764018,2023-03-29 05:41:42.000,2023-03-29 07:36:42.000 +0200,"44,741771","12,236031","0",76,10,moving,2
1,2781066,2023-03-29 09:56:48.000,2023-03-29 11:51:48.000 +0200,"44,668848","10,980008","0",0,10,moving,2
1,2764018,2023-03-31 03:48:49.000,2023-03-31 05:43:49.000 +0200,"44,637416","12,251428","28",320,10,moving,2
1,7236456,2023-03-31 05:22:47.000,2023-03-31 07:17:47.000 +0200,"46,127296","13,193966","0",0,10,moving,2
1,7245201,2023-03-30 10:53:53.000,2023-03-30 12:48:53.000 +0200,"44,899773","11,032893","0",0,10,moving,2
1,4518801,2023-03-01 12:46:11.000,2023-03-01 13:41:11.000 +0100,"45,105186","7,332564","0",0,9,on,1
1,2764018,2023-03-29 03:46:50.000,2023-03-29 05:41:50.000 +0200,"44,720566","12,225703","52",103,10,moving,2
1,2764018,2023-03-29 03:42:40.000,2023-03-29 05:37:40.000 +0200,"44,704928","12,222025","69",359,10,moving,2
1,1692085,2023-03-01 13:11:43.000,2023-03-01 14:06:43.000 +0100,"44,394131","8,47675","0",0,17,moving,1
1,2781066,2023-03-29 04:36:44.000,2023-03-29 06:31:44.000 +0200,"44,497961","11,019286","0",0,10,moving,2
1,2781066,2023-03-29 09:06:51.000,2023-03-29 11:01:51.000 +0200,"44,539156","11,015243","30",331,10,moving,2
1,7236456,2023-03-29 11:47:39.000,2023-03-29 13:42:39.000 +0200,"45,955503","13,083635","0",0,10,moving,2
1,7236456,2023-03-29 04:32:47.000,2023-03-29 06:27:47.000 +0200,"45,83043","13,38045","41",92,10,moving,2
1,2781066,2023-03-29 05:15:43.000,2023-03-29 07:10:43.000 +0200,"44,496598","11,018545","0",0,10,moving,2
1,2781066,2023-03-29 05:15:30.000,2023-03-29 07:10:30.000 +0200,"44,496591","11,01851","0",0,10,moving,2
1,7236456,2023-03-29 04:33:14.000,2023-03-29 06:28:14.000 +0200,"45,82895","13,383636","33",204,10,moving,2
1,5089046,2023-03-01 14:02:55.000,2023-03-01 14:57:55.000 +0100,"45,34782","11,830605","56",28,8,moving,1
1,5089046,2023-03-01 13:47:55.000,2023-03-01 14:42:55.000 +0100,"45,267731","11,861976","39",290,12,moving,1
1,7245201,2023-03-30 01:03:07.000,2023-03-30 02:58:07.000 +0200,"44,899651","11,033708","0",0,10,on,2
1,2776224,2023-03-30 12:37:05.000,2023-03-30 14:32:05.000 +0200,"45,151563","9,416365","67",340,10,moving,2
1,2764018,2023-03-31 02:50:29.000,2023-03-31 04:45:29.000 +0200,"44,675928","12,243178","15",352,10,moving,2
1,2764018,2023-03-31 02:55:00.000,2023-03-31 04:50:00.000 +0200,"44,67667","12,243536","0",219,10,moving,2
1,7245201,2023-03-30 07:29:09.000,2023-03-30 09:24:09.000 +0200,"44,899576","11,030506","3",287,10,moving,2
1,1676199,2023-03-01 14:26:24.000,2023-03-01 15:21:24.000 +0100,"41,240295","16,311569","19",160,7,moving,1
1,5070347,2023-03-01 14:21:54.000,2023-03-01 15:16:54.000 +0100,"45,271725","10,892981","9",342,9,moving,1
1,2764018,2023-03-30 07:44:55.000,2023-03-30 09:39:55.000 +0200,"44,69056","12,202896","69",287,10,moving,2
1,2764018,2023-03-31 05:12:26.000,2023-03-31 07:07:26.000 +0200,"44,648015","12,248258","9",246,10,moving,2
1,7254005,2023-03-27 22:00:59.000,2023-03-27 23:55:59.000 +0200,"41,242531","16,496051","0",0,10,moving,2
1,7254005,2023-03-27 20:35:29.000,2023-03-27 22:30:29.000 +0200,"41,242381","16,500035","0",0,10,moving,2
1,5987233,2023-03-01 00:32:47.000,2023-03-01 01:27:47.000 +0100,"37,790192","14,830486","4",218,18,on,1
1,5987233,2023-03-01 01:07:43.000,2023-03-01 02:02:43.000 +0100,"37,790405","14,83091","2",306,20,on,1
1,4589200,2023-03-01 03:28:00.000,2023-03-01 04:23:00.000 +0100,"45,805382","9,328854","0",150,10,moving,1
1,5987233,2023-02-28 23:06:51.000,2023-03-01 00:01:51.000 +0100,"37,790428","14,83094","5",230,30,on,1
1,7254005,2023-03-28 02:39:26.000,2023-03-28 04:34:26.000 +0200,"41,231005","16,49556","18",128,10,moving,2
1,4246274,2023-03-02 16:06:38.000,2023-03-02 17:01:38.000 +0100,"43,921875","12,672329","29",276,13,moving,1
1,1654843,2023-03-01 05:25:23.000,2023-03-01 06:20:23.000 +0100,"44,83493","10,091168","0",0,13,moving,1
1,7254005,2023-03-27 20:36:39.000,2023-03-27 22:31:39.000 +0200,"41,242218","16,50021","0",0,10,moving,2
1,5987233,2023-03-01 02:14:03.000,2023-03-01 03:09:03.000 +0100,"37,790554","14,83085","4",330,18,on,1
1,3243739,2023-03-02 16:03:04.000,2023-03-02 16:58:04.000 +0100,"45,713264","11,375899","1",0,10,moving,1
1,4631112,2023-03-02 17:24:32.000,2023-03-02 18:19:32.000 +0100,"45,438293","11,04191","26",108,10,moving,1
1,4614314,2023-03-02 17:26:34.000,2023-03-02 18:21:34.000 +0100,"44,68544","7,993588","53",214,8,moving,1
1,2787281,2023-03-28 03:30:33.000,2023-03-28 05:25:33.000 +0200,"45,60075","9,508055","48",40,10,moving,2
1,4589200,2023-03-01 02:52:00.000,2023-03-01 03:47:00.000 +0100,"45,778091","9,292117","0",40,7,moving,1
1,4468544,2023-03-01 03:32:38.000,2023-03-01 04:27:38.000 +0100,"45,757332","8,552525","1",0,39,moving,1
1,5987233,2023-03-02 16:41:15.000,2023-03-02 17:36:15.000 +0100,"37,790401","14,831018","1",34,8,on,1
1,5987233,2023-03-01 01:27:51.000,2023-03-01 02:22:51.000 +0100,"37,79055","14,831014","4",240,17,on,1
1,5987233,2023-02-28 23:28:28.000,2023-03-01 00:23:28.000 +0100,"37,790333","14,830894","4",274,12,on,1
1,4422055,2023-03-23 09:14:44.000,2023-03-23 10:09:44.000 +0100,"45,782936","8,825221","0",0,9,moving,1
1,5987233,2023-03-01 02:55:37.000,2023-03-01 03:50:37.000 +0100,"37,790455","14,830856","3",288,21,on,1
1,4614314,2023-03-02 17:25:52.000,2023-03-02 18:20:52.000 +0100,"44,689354","7,998123","53",224,8,moving,1
1,5987233,2023-03-01 03:54:11.000,2023-03-01 04:49:11.000 +0100,"37,790405","14,830883","1",184,13,on,1
1,1674158,2023-03-02 17:27:49.000,2023-03-02 18:22:49.000 +0100,"41,044773","14,305616","28",182,9,moving,1
1,1685674,2023-03-01 03:58:34.000,2023-03-01 04:53:34.000 +0100,"40,854362","14,119778","47",182,11,moving,1
1,4614314,2023-03-02 17:26:54.000,2023-03-02 18:21:54.000 +0100,"44,683186","7,99097","66",220,8,moving,1
1,7254005,2023-03-27 22:30:39.000,2023-03-28 00:25:39.000 +0200,"41,242093","16,495548","0",0,10,moving,2
1,5987233,2023-03-01 00:17:05.000,2023-03-01 01:12:05.000 +0100,"37,790245","14,829875","6",302,34,on,1
1,7254005,2023-03-27 04:22:24.000,2023-03-27 06:17:24.000 +0200,"41,229943","16,495791","27",201,10,moving,2
1,5987233,2023-03-01 04:33:32.000,2023-03-01 05:28:32.000 +0100,"37,790424","14,830468","4",302,17,on,1
1,7237028,2023-03-27 02:38:15.000,2023-03-27 04:33:15.000 +0200,"44,828025","11,300308","43",327,10,moving,2
1,7240982,2023-03-28 01:55:02.000,2023-03-28 03:50:02.000 +0200,"41,304006","14,09294","0",0,10,moving,2
1,4600353,2023-03-02 17:18:45.000,2023-03-02 18:13:45.000 +0100,"39,119534","15,385057","40",158,9,moving,1
1,6007108,2023-03-02 17:52:23.000,2023-03-02 18:47:23.000 +0100,"37,521313","15,003531","21",274,6,moving,1
1,4600405,2023-03-24 10:26:29.000,2023-03-24 11:21:29.000 +0100,"45,56054","10,20877","0",0,10,moving,2
1,4303727,2023-03-02 18:20:26.000,2023-03-02 19:15:26.000 +0100,"40,917564","14,766344","3",0,27,moving,1
1,7254005,2023-03-27 20:42:19.000,2023-03-27 22:37:19.000 +0200,"41,241905","16,500695","0",0,10,moving,2
1,7240982,2023-03-24 10:20:08.000,2023-03-24 11:15:08.000 +0100,"41,022878","14,324843","40",179,10,moving,2
1,5987233,2023-03-01 02:21:26.000,2023-03-01 03:16:26.000 +0100,"37,790443","14,830935","4",314,15,on,1
1,7240982,2023-03-28 02:55:39.000,2023-03-28 04:50:39.000 +0200,"41,554133","14,310866","71",164,10,moving,2
1,4611201,2023-03-01 05:40:16.000,2023-03-01 06:35:16.000 +0100,"44,74984","10,558178","133",302,11,moving,1
1,4589200,2023-03-01 02:32:17.000,2023-03-01 03:27:17.000 +0100,"45,770119","9,299421","3",102,9,on,1
1,4041441,2023-03-01 05:38:40.000,2023-03-01 06:33:40.000 +0100,"45,804192","9,099155","0",336,17,moving,1
1,4614314,2023-03-02 18:20:50.000,2023-03-02 19:15:50.000 +0100,"44,515713","7,476213","22",278,20,moving,1
1,5987233,2023-03-01 05:37:28.000,2023-03-01 06:32:28.000 +0100,"37,790524","14,830815","3",352,25,on,1
1,4546452,2023-03-08 14:22:35.000,2023-03-08 15:17:35.000 +0100,"40,860001","14,28365","14",302,18,on,1
1,4569543,2023-03-29 11:02:04.000,2023-03-29 12:57:04.000 +0200,"45,45299","9,164226","29",330,10,moving,2
1,1672309,2023-03-01 04:17:40.000,2023-03-01 05:12:40.000 +0100,"45,68774","9,687382","72",32,8,moving,1
1,7244656,2023-03-29 08:16:17.000,2023-03-29 10:11:17.000 +0200,"37,511896","14,777063","84",292,10,moving,2
1,4533823,2023-03-01 04:45:13.000,2023-03-01 05:40:13.000 +0100,"45,068176","7,713874","40",256,15,moving,1
1,4174703,2023-03-01 04:14:09.000,2023-03-01 05:09:09.000 +0100,"45,49712","10,786787","115",332,9,moving,1
1,1674158,2023-03-02 17:19:54.000,2023-03-02 18:14:54.000 +0100,"41,056038","14,314532","25",182,10,moving,1
1,4041441,2023-03-01 05:12:39.000,2023-03-01 06:07:39.000 +0100,"45,798195","9,182232","46",282,14,moving,1
1,1646840,2023-03-02 17:21:56.000,2023-03-02 18:16:56.000 +0100,"41,021519","14,352551","6",66,9,moving,1
1,3205307,2023-03-01 05:17:21.000,2023-03-01 06:12:21.000 +0100,"44,830311","11,651231","0",0,12,moving,1
1,7257415,2023-03-29 08:24:46.000,2023-03-29 10:19:46.000 +0200,"44,879198","10,189406","0",0,10,moving,2
1,2787281,2023-03-29 10:13:47.000,2023-03-29 12:08:47.000 +0200,"45,615045","9,494421","0",289,80,on,2
1,7258134,2023-03-24 09:12:01.000,2023-03-24 10:07:01.000 +0100,"44,94211","10,80424","55",189,10,moving,2
1,7258134,2023-03-27 02:39:03.000,2023-03-27 04:34:03.000 +0200,"44,555821","11,067893","87",298,10,moving,2
1,4589200,2023-03-01 03:45:45.000,2023-03-01 04:40:45.000 +0100,"45,850449","9,406627","0",162,11,on,1
1,7258134,2023-03-27 13:19:17.000,2023-03-27 15:14:17.000 +0200,"44,532045","11,325983","81",78,10,moving,2
1,1672309,2023-03-01 03:57:30.000,2023-03-01 04:52:30.000 +0100,"45,691238","9,671454","14",218,9,moving,1
1,4589200,2023-03-01 01:36:59.000,2023-03-01 02:31:59.000 +0100,"45,779221","9,313356","69",46,9,moving,1
1,1672309,2023-03-01 03:35:52.000,2023-03-01 04:30:52.000 +0100,"45,671371","9,635205","56",2,9,moving,1
1,7258134,2023-03-29 07:34:45.000,2023-03-29 09:29:45.000 +0200,"44,7163","10,691373","86",286,10,moving,2
1,1672309,2023-03-01 04:51:18.000,2023-03-01 05:46:18.000 +0100,"45,698494","9,685156","0",0,11,moving,1
1,7246688,2023-03-29 05:45:17.000,2023-03-29 07:40:17.000 +0200,"45,78906","9,575738","4",201,10,moving,2
1,4102350,2023-03-01 06:48:33.000,2023-03-01 07:43:33.000 +0100,"45,615883","9,003892","36",342,9,moving,1
1,4102350,2023-03-01 06:31:27.000,2023-03-01 07:26:27.000 +0100,"45,618439","9,005208","6",354,38,moving,1
1,7258134,2023-03-31 10:00:36.000,2023-03-31 11:55:36.000 +0200,"45,074283","11,021151","46",189,10,moving,2
1,4607801,2023-03-01 07:29:58.000,2023-03-01 08:24:58.000 +0100,"41,319221","16,28377","11",288,26,moving,1
1,4607801,2023-03-01 07:25:46.000,2023-03-01 08:20:46.000 +0100,"41,314262","16,282181","4",0,31,on,1
1,4607801,2023-03-01 07:32:43.000,2023-03-01 08:27:43.000 +0100,"41,318027","16,283407","3",22,16,moving,1
1,1672309,2023-03-01 07:55:02.000,2023-03-01 08:50:02.000 +0100,"45,671082","9,601135","90",348,9,moving,1
1,7258134,2023-03-31 06:30:56.000,2023-03-31 08:25:56.000 +0200,"44,35731","12,155936","22",306,10,moving,2
1,7246688,2023-03-31 08:28:40.000,2023-03-31 10:23:40.000 +0200,"45,678618","9,664858","1",121,10,on,2
1,7258134,2023-03-29 08:02:16.000,2023-03-29 09:57:16.000 +0200,"44,86787","10,222033","89",284,10,moving,2
1,3388217,2023-03-01 07:38:51.000,2023-03-01 08:33:51.000 +0100,"44,841808","7,505407","0",0,10,moving,1
1,1672309,2023-03-01 08:11:01.000,2023-03-01 09:06:01.000 +0100,"45,779808","9,61653","72",82,20,moving,1
1,3332230,2023-03-01 08:04:16.000,2023-03-01 08:59:16.000 +0100,"38,129173","13,330256","19",310,9,moving,1
1,1672309,2023-03-01 08:19:46.000,2023-03-01 09:14:46.000 +0100,"45,842403","9,672359","73",348,19,moving,1
1,7258134,2023-03-30 09:35:38.000,2023-03-30 11:30:38.000 +0200,"44,44883","11,545736","89",303,10,moving,2
1,4102350,2023-03-01 08:46:18.000,2023-03-01 09:41:18.000 +0100,"45,662785","9,129577","103",134,7,moving,1
1,7246688,2023-03-31 07:57:42.000,2023-03-31 09:52:42.000 +0200,"45,686621","9,669866","0",0,10,moving,2
1,1672309,2023-03-01 09:42:12.000,2023-03-01 10:37:12.000 +0100,"45,907013","9,65867","67",190,26,moving,1
1,7258134,2023-03-29 06:02:38.000,2023-03-29 07:57:38.000 +0200,"44,412486","12,109913","86",246,10,moving,2
1,7258134,2023-03-29 07:46:22.000,2023-03-29 09:41:22.000 +0200,"44,779781","10,495105","89",303,10,moving,2
1,1683339,2023-03-01 10:03:33.000,2023-03-01 10:58:33.000 +0100,"40,935452","14,353511","7",56,9,moving,1
1,4102350,2023-03-01 10:09:00.000,2023-03-01 11:04:00.000 +0100,"45,696125","9,18556","48",334,9,moving,1
1,5996782,2023-03-01 09:56:04.000,2023-03-01 10:51:04.000 +0100,"38,668625","16,481237","6",350,8,moving,1
1,1672309,2023-03-01 09:57:14.000,2023-03-01 10:52:14.000 +0100,"45,776615","9,613097","62",166,32,moving,1
1,1683339,2023-03-01 11:00:41.000,2023-03-01 11:55:41.000 +0100,"40,933838","14,359452","19",332,8,moving,1
1,7246688,2023-03-30 04:52:43.000,2023-03-30 06:47:43.000 +0200,"45,617441","9,633486","37",202,10,moving,2
1,5997639,2023-03-01 10:34:36.000,2023-03-01 11:29:36.000 +0100,"40,257225","17,892664","8",24,8,moving,1
1,3331066,2023-03-01 11:28:33.000,2023-03-01 12:23:33.000 +0100,"41,034939","14,293783","0",0,13,moving,1
1,7258134,2023-03-31 10:28:15.000,2023-03-31 12:23:15.000 +0200,"45,176386","10,80659","67",291,10,moving,2
1,7258134,2023-03-31 06:00:32.000,2023-03-31 07:55:32.000 +0200,"44,248915","12,10558","4",255,10,moving,2
1,3332230,2023-03-01 11:48:44.000,2023-03-01 12:43:44.000 +0100,"38,137032","13,340368","2",0,12,moving,1
1,2436189,2023-03-31 03:36:59.000,2023-03-31 05:31:59.000 +0200,"45,818458","13,000668","70",174,10,moving,2
1,7258134,2023-03-30 03:39:06.000,2023-03-30 05:34:06.000 +0200,"44,339795","11,936513","0",0,10,on,2
1,3331066,2023-03-01 12:38:56.000,2023-03-01 13:33:56.000 +0100,"41,038563","14,314062","13",8,16,moving,1
1,5983191,2023-03-01 12:28:23.000,2023-03-01 13:23:23.000 +0100,"43,812889","11,238098","17",228,7,moving,1
1,4605372,2023-03-01 13:11:58.000,2023-03-01 14:06:58.000 +0100,"41,752449","13,125045","6",106,10,moving,1
1,7258134,2023-03-31 11:14:33.000,2023-03-31 13:09:33.000 +0200,"45,402305","10,383726","8",72,10,moving,2
1,7258134,2023-03-29 07:01:09.000,2023-03-29 08:56:09.000 +0200,"44,520303","11,2235","86",259,10,moving,2
1,7258134,2023-03-30 13:21:07.000,2023-03-30 15:16:07.000 +0200,"44,594056","10,94161","9",120,10,moving,2
1,7258134,2023-03-31 06:52:18.000,2023-03-31 08:47:18.000 +0200,"44,466658","12,087178","14",310,10,moving,2
1,1683339,2023-03-01 14:32:41.000,2023-03-01 15:27:41.000 +0100,"40,910347","14,33919","1",0,17,moving,1
1,5996782,2023-03-01 15:02:06.000,2023-03-01 15:57:06.000 +0100,"38,668583","16,546955","0",354,6,moving,1
1,3332230,2023-03-01 14:33:29.000,2023-03-01 15:28:29.000 +0100,"38,137074","13,340222","0",0,19,moving,1
1,7258134,2023-03-30 19:41:23.000,2023-03-30 21:36:23.000 +0200,"44,38113","11,94481","0",0,80,on,2
1,3237493,2023-03-01 15:40:17.000,2023-03-01 16:35:17.000 +0100,"42,856281","13,575357","2",0,22,moving,1
1,7258134,2023-03-31 11:24:45.000,2023-03-31 13:19:45.000 +0200,"45,40792","10,410006","22",160,10,moving,2
1,3332230,2023-03-01 16:03:56.000,2023-03-01 16:58:56.000 +0100,"38,138832","13,34295","6",334,14,moving,1
1,7258134,2023-03-29 12:23:52.000,2023-03-29 14:18:52.000 +0200,"44,943766","10,135896","72",205,10,moving,2
1,4041441,2023-03-01 05:31:00.000,2023-03-01 06:26:00.000 +0100,"45,795277","9,12677","9",276,14,moving,1
1,4041441,2023-03-01 05:43:10.000,2023-03-01 06:38:10.000 +0100,"45,798946","9,09083","43",150,18,moving,1
1,5987233,2023-03-01 05:42:27.000,2023-03-01 06:37:27.000 +0100,"37,790581","14,830882","2",166,17,on,1
1,5987233,2023-03-01 05:24:54.000,2023-03-01 06:19:54.000 +0100,"37,790504","14,830835","3",50,19,on,1
1,4041441,2023-03-01 05:43:30.000,2023-03-01 06:38:30.000 +0100,"45,797112","9,092353","27",140,19,moving,1
1,1677188,2023-03-01 05:52:39.000,2023-03-01 06:47:39.000 +0100,"41,834843","12,597001","21",314,25,moving,1
1,5987233,2023-03-02 17:25:04.000,2023-03-02 18:20:04.000 +0100,"37,790348","14,831047","0",134,9,on,1
1,5987233,2023-03-02 19:19:22.000,2023-03-02 20:14:22.000 +0100,"37,788609","14,845678","2",336,31,moving,1
1,5987233,2023-03-02 18:05:10.000,2023-03-02 19:00:10.000 +0100,"37,79034","14,830918","2",60,10,on,1
1,5987233,2023-03-02 19:30:16.000,2023-03-02 20:25:16.000 +0100,"37,788609","14,845678","2",336,31,moving,1
1,5987233,2023-03-02 18:23:44.000,2023-03-02 19:18:44.000 +0100,"37,78862","14,845727","0",0,10,moving,1
1,1677188,2023-03-01 05:50:34.000,2023-03-01 06:45:34.000 +0100,"41,834801","12,597123","5",0,33,moving,1
1,3205307,2023-03-02 18:28:11.000,2023-03-02 19:23:11.000 +0100,"44,812008","11,683784","0",0,9,moving,1
1,5269898,2023-03-01 06:36:19.000,2023-03-01 07:31:19.000 +0100,"44,211681","12,036307","0",0,11,moving,1
1,5987233,2023-03-01 06:37:30.000,2023-03-01 07:32:30.000 +0100,"37,790424","14,830935","2",332,13,on,1
1,5987233,2023-03-02 19:20:06.000,2023-03-02 20:15:06.000 +0100,"37,788609","14,845678","2",336,31,moving,1
1,5987233,2023-03-02 21:03:13.000,2023-03-02 21:58:13.000 +0100,"37,788609","14,845678","2",336,31,moving,1
1,5093370,2023-03-01 06:27:09.000,2023-03-01 07:22:09.000 +0100,"44,644848","7,656011","11",356,12,moving,1
1,5987233,2023-03-02 21:20:01.000,2023-03-02 22:15:01.000 +0100,"37,788609","14,845678","2",336,31,moving,1
1,5987233,2023-03-02 21:08:01.000,2023-03-02 22:03:01.000 +0100,"37,788609","14,845678","2",336,31,moving,1
1,5987233,2023-03-01 06:27:21.000,2023-03-01 07:22:21.000 +0100,"37,790524","14,830915","2",310,15,on,1
1,5987233,2023-03-02 21:29:38.000,2023-03-02 22:24:38.000 +0100,"37,788609","14,845678","2",336,31,moving,1
1,5987233,2023-03-02 22:23:24.000,2023-03-02 23:18:24.000 +0100,"37,790337","14,830613","5",304,22,moving,1
1,5987233,2023-03-03 01:21:44.000,2023-03-03 02:16:44.000 +0100,"37,790405","14,831023","2",268,13,moving,1
1,5987233,2023-03-02 22:22:11.000,2023-03-02 23:17:11.000 +0100,"37,79002","14,829333","6",122,25,moving,1
1,5987233,2023-03-02 23:21:48.000,2023-03-03 00:16:48.000 +0100,"37,790432","14,830927","4",208,24,moving,1
1,5987233,2023-03-03 02:35:06.000,2023-03-03 03:30:06.000 +0100,"37,790764","14,830793","4",274,24,moving,1
1,5987233,2023-03-01 07:39:47.000,2023-03-01 08:34:47.000 +0100,"37,511909","15,040662","6",94,10,moving,1
1,5987233,2023-03-02 23:29:23.000,2023-03-03 00:24:23.000 +0100,"37,790428","14,830976","4",260,22,moving,1
1,5987233,2023-03-03 00:14:50.000,2023-03-03 01:09:50.000 +0100,"37,790478","14,83062","2",218,16,moving,1
1,5987233,2023-03-01 07:26:07.000,2023-03-01 08:21:07.000 +0100,"37,597206","14,91198","96",156,8,moving,1
1,5987233,2023-03-03 00:41:26.000,2023-03-03 01:36:26.000 +0100,"37,790565","14,831008","3",274,24,moving,1
1,5987233,2023-03-03 00:16:18.000,2023-03-03 01:11:18.000 +0100,"37,790417","14,83045","6",312,22,moving,1
1,5987233,2023-03-02 23:39:10.000,2023-03-03 00:34:10.000 +0100,"37,790489","14,831007","3",246,15,moving,1
1,5987233,2023-03-02 21:40:32.000,2023-03-02 22:35:32.000 +0100,"37,788609","14,845678","2",336,31,moving,1
1,5987233,2023-03-03 02:08:21.000,2023-03-03 03:03:21.000 +0100,"37,790432","14,830976","2",156,19,moving,1
1,5987233,2023-03-03 03:01:09.000,2023-03-03 03:56:09.000 +0100,"37,790379","14,831014","2",178,13,moving,1
1,5987233,2023-03-03 03:22:22.000,2023-03-03 04:17:22.000 +0100,"37,790539","14,830985","1",246,13,moving,1
1,5987233,2023-03-02 23:39:22.000,2023-03-03 00:34:22.000 +0100,"37,79052","14,830998","2",304,14,moving,1
1,5987233,2023-03-03 01:51:40.000,2023-03-03 02:46:40.000 +0100,"37,790562","14,830852","2",294,18,moving,1
1,5987233,2023-03-03 03:18:53.000,2023-03-03 04:13:53.000 +0100,"37,790611","14,83091","2",156,13,moving,1
1,5987233,2023-03-01 08:02:53.000,2023-03-01 08:57:53.000 +0100,"37,509972","15,04343","1",340,9,moving,1
1,5987233,2023-03-03 04:36:19.000,2023-03-03 05:31:19.000 +0100,"37,790497","14,830735","3",254,16,moving,1
1,5987233,2023-03-03 04:09:31.000,2023-03-03 05:04:31.000 +0100,"37,7906","14,830805","3",62,17,moving,1
1,5987233,2023-03-03 02:53:13.000,2023-03-03 03:48:13.000 +0100,"37,790455","14,830922","2",202,23,moving,1
1,5987233,2023-03-03 04:08:14.000,2023-03-03 05:03:14.000 +0100,"37,790554","14,830927","4",346,13,moving,1
1,5987233,2023-03-03 04:31:09.000,2023-03-03 05:26:09.000 +0100,"37,790455","14,830883","3",332,17,moving,1
1,5987233,2023-03-03 04:50:33.000,2023-03-03 05:45:33.000 +0100,"37,790508","14,830905","3",136,19,moving,1
1,5987233,2023-03-03 04:35:18.000,2023-03-03 05:30:18.000 +0100,"37,7906","14,830796","7",300,20,moving,1
1,5987233,2023-03-03 04:20:37.000,2023-03-03 05:15:37.000 +0100,"37,79039","14,830129","3",238,28,moving,1
1,5987233,2023-03-03 04:23:47.000,2023-03-03 05:18:47.000 +0100,"37,790535","14,830938","4",330,17,moving,1
1,5987233,2023-03-01 08:17:51.000,2023-03-01 09:12:51.000 +0100,"37,509983","15,043433","0",58,7,moving,1
1,4444019,2023-03-03 02:53:44.000,2023-03-03 03:48:44.000 +0100,"41,30719","16,293531","45",356,8,moving,1
1,5987233,2023-03-03 05:03:22.000,2023-03-03 05:58:22.000 +0100,"37,790436","14,830943","1",268,27,moving,1
1,5987233,2023-03-03 04:08:58.000,2023-03-03 05:03:58.000 +0100,"37,790611","14,831115","6",356,23,moving,1
1,5987233,2023-03-03 05:12:54.000,2023-03-03 06:07:54.000 +0100,"37,790245","14,831157","4",152,25,moving,1
1,5987233,2023-03-01 08:52:58.000,2023-03-01 09:47:58.000 +0100,"37,509987","15,043405","0",280,8,moving,1
1,5987233,2023-03-03 04:22:17.000,2023-03-03 05:17:17.000 +0100,"37,79039","14,830852","5",260,20,moving,1
1,4076459,2023-03-02 17:19:00.000,2023-03-02 18:14:00.000 +0100,"38,484699","15,97564","24",306,13,moving,1
1,1653246,2023-03-02 18:40:19.000,2023-03-02 19:35:19.000 +0100,"42,974976","12,687751","98",302,8,moving,1
1,4623006,2023-03-02 18:18:01.000,2023-03-02 19:13:01.000 +0100,"45,946354","8,592143","12",304,12,moving,1
1,7248551,2023-03-30 05:40:46.000,2023-03-30 07:35:46.000 +0200,"43,773101","11,362291","52",11,10,moving,2
1,2787281,2023-03-30 05:39:26.000,2023-03-30 07:34:26.000 +0200,"45,522505","10,171915","91",118,80,moving,2
1,1653246,2023-03-02 18:05:10.000,2023-03-02 19:00:10.000 +0100,"42,597069","12,712584","34",24,20,moving,1
1,7243274,2023-03-30 18:24:37.000,2023-03-30 20:19:37.000 +0200,"45,739556","9,62117","0",0,10,moving,2
1,7248551,2023-03-30 19:17:47.000,2023-03-30 21:12:47.000 +0200,"43,753016","11,306538","0",0,10,moving,2
1,7243274,2023-03-30 18:08:33.000,2023-03-30 20:03:33.000 +0200,"45,725341","9,609333","74",353,10,moving,2
1,4575241,2023-03-02 18:20:27.000,2023-03-02 19:15:27.000 +0100,"40,959164","14,274441","56",62,11,moving,1
1,4623006,2023-03-02 18:23:08.000,2023-03-02 19:18:08.000 +0100,"45,948006","8,589361","27",170,10,moving,1
1,7248551,2023-03-30 08:43:07.000,2023-03-30 10:38:07.000 +0200,"43,725796","11,322775","8",281,10,moving,2
1,4623006,2023-03-02 18:13:28.000,2023-03-02 19:08:28.000 +0100,"45,936771","8,577269","38",56,12,moving,1
1,4623006,2023-03-02 18:30:48.000,2023-03-02 19:25:48.000 +0100,"45,918545","8,55659","44",324,10,moving,1
1,7248551,2023-03-30 08:35:07.000,2023-03-30 10:30:07.000 +0200,"43,730206","11,314418","3",0,10,moving,2
1,4623006,2023-03-02 20:14:47.000,2023-03-02 21:09:47.000 +0100,"45,924362","8,447951","49",260,12,moving,1
1,4623006,2023-03-02 20:15:17.000,2023-03-02 21:10:17.000 +0100,"45,924126","8,442939","24",282,10,moving,1
1,1653246,2023-03-02 21:07:20.000,2023-03-02 22:02:20.000 +0100,"42,988918","12,674984","0",0,8,on,1
1,4623006,2023-03-02 21:56:01.000,2023-03-02 22:51:01.000 +0100,"45,877178","8,409425","1",70,14,moving,1
1,2787281,2023-03-31 04:37:41.000,2023-03-31 06:32:41.000 +0200,"45,61685","9,48586","17",187,10,moving,2
1,4649869,2023-03-02 19:04:32.000,2023-03-02 19:59:32.000 +0100,"40,931435","14,767053","34",44,25,moving,1
1,7257415,2023-03-29 10:11:20.000,2023-03-29 12:06:20.000 +0200,"44,931865","10,292941","63",163,10,moving,2
1,4623006,2023-03-02 20:06:37.000,2023-03-02 21:01:37.000 +0100,"45,937801","8,517714","56",284,11,moving,1
1,4277943,2023-03-02 19:57:39.000,2023-03-02 20:52:39.000 +0100,"45,43235","8,635747","0",0,10,moving,1
1,4277943,2023-03-02 20:11:50.000,2023-03-02 21:06:50.000 +0100,"45,438053","8,72529","0",0,8,on,1
1,7248551,2023-03-30 11:47:43.000,2023-03-30 13:42:43.000 +0200,"43,747618","11,315955","67",60,10,moving,2
1,1653246,2023-03-02 22:38:11.000,2023-03-02 23:33:11.000 +0100,"42,988922","12,674993","0",0,8,on,1
1,7248551,2023-03-31 04:22:30.000,2023-03-31 06:17:30.000 +0200,"43,754271","11,287183","0",0,10,moving,2
1,2787281,2023-03-31 01:13:38.000,2023-03-31 03:08:38.000 +0200,"45,507311","8,8306","72",331,80,moving,2
1,2787281,2023-03-31 07:18:01.000,2023-03-31 09:13:01.000 +0200,"45,037243","9,698645","17",176,10,moving,2
1,4607030,2023-03-02 22:37:32.000,2023-03-02 23:32:32.000 +0100,"40,842621","14,287081","58",112,9,moving,1
1,2787281,2023-03-31 07:20:43.000,2023-03-31 09:15:43.000 +0200,"45,036078","9,697231","0",0,10,on,2
1,2787281,2023-03-29 23:21:24.000,2023-03-30 01:16:24.000 +0200,"45,614458","9,488668","0",196,80,on,2
1,2787281,2023-03-31 15:41:16.000,2023-03-31 17:36:16.000 +0200,"45,614493","9,48664","0",0,80,on,2
1,7257415,2023-03-30 03:34:49.000,2023-03-30 05:29:49.000 +0200,"44,855598","10,175968","13",322,10,moving,2
1,2787281,2023-03-31 12:39:30.000,2023-03-31 14:34:30.000 +0200,"45,614411","9,486701","0",157,80,on,2
1,7257415,2023-03-31 11:26:43.000,2023-03-31 13:21:43.000 +0200,"44,783976","10,163385","60",41,10,moving,2
1,7248551,2023-03-30 11:45:22.000,2023-03-30 13:40:22.000 +0200,"43,735726","11,296596","45",355,10,moving,2
1,7248551,2023-03-30 12:01:44.000,2023-03-30 13:56:44.000 +0200,"43,771525","11,358121","0",0,10,moving,2
1,7248551,2023-03-30 09:15:15.000,2023-03-30 11:10:15.000 +0200,"43,707613","11,302873","17",303,10,moving,2
1,2787281,2023-03-31 02:27:05.000,2023-03-31 04:22:05.000 +0200,"45,604376","8,897378","46",72,10,moving,2
1,2787281,2023-03-29 05:51:55.000,2023-03-29 07:46:55.000 +0200,"45,4445","9,258008","74",191,10,moving,2
1,2787281,2023-03-29 05:59:57.000,2023-03-29 07:54:57.000 +0200,"45,36021","9,296978","91",140,10,moving,2
1,7243274,2023-03-30 11:26:43.000,2023-03-30 13:21:43.000 +0200,"45,710721","9,600775","0",0,10,moving,2
1,7257415,2023-03-29 10:17:20.000,2023-03-29 12:12:20.000 +0200,"44,916025","10,258005","33",295,10,moving,2
1,7257415,2023-03-31 04:19:10.000,2023-03-31 06:14:10.000 +0200,"44,779081","10,157351","47",226,10,moving,2
1,7257415,2023-03-29 10:05:20.000,2023-03-29 12:00:20.000 +0200,"44,9285","10,344783","65",245,10,moving,2
1,2787281,2023-03-31 05:59:28.000,2023-03-31 07:54:28.000 +0200,"45,590415","9,474473","83",255,10,moving,2
1,7257415,2023-03-31 04:11:10.000,2023-03-31 06:06:10.000 +0200,"44,8168","10,182948","31",201,10,moving,2
1,4444791,2023-03-03 07:11:42.000,2023-03-03 08:06:42.000 +0100,"44,049225","10,059597","7",26,35,moving,1
1,7257415,2023-03-31 04:15:23.000,2023-03-31 06:10:23.000 +0200,"44,801366","10,174993","40",207,10,moving,2
1,7248551,2023-03-31 07:38:43.000,2023-03-31 09:33:43.000 +0200,"43,723988","11,293735","0",0,10,moving,2
1,2787281,2023-03-30 08:07:24.000,2023-03-30 10:02:24.000 +0200,"45,564051","10,077603","91",285,10,moving,2
1,7257415,2023-03-30 06:23:50.000,2023-03-30 08:18:50.000 +0200,"44,873471","10,196795","44",13,10,moving,2
1,7257415,2023-03-29 09:26:17.000,2023-03-29 11:21:17.000 +0200,"44,972133","10,430341","0",0,10,on,2
1,2787281,2023-03-30 06:15:07.000,2023-03-30 08:10:07.000 +0200,"45,293143","10,264995","39",156,10,moving,2
1,4452610,2023-03-03 08:37:28.000,2023-03-03 09:32:28.000 +0100,"46,494183","11,336129","0",0,10,moving,1
1,2787281,2023-03-31 00:35:00.000,2023-03-31 02:30:00.000 +0200,"45,587246","9,458165","91",254,10,moving,2
1,4614314,2023-03-02 18:10:55.000,2023-03-02 19:05:55.000 +0100,"44,533257","7,57608","84",284,10,moving,1
1,7236441,2023-03-29 11:00:51.000,2023-03-29 12:55:51.000 +0200,"47,065726","15,615915","82",242,10,moving,2
1,7256380,2023-03-30 05:35:54.000,2023-03-30 07:30:54.000 +0200,"40,744346","14,67831","0",315,10,moving,2
1,7236441,2023-03-30 07:29:46.000,2023-03-30 09:24:46.000 +0200,"46,009013","13,247276","0",0,10,moving,2
1,7253874,2023-03-30 18:16:08.000,2023-03-30 20:11:08.000 +0200,"41,874963","12,546336","47",348,10,moving,2
1,7244656,2023-03-31 01:57:43.000,2023-03-31 03:52:43.000 +0200,"37,471675","14,057716","60",237,10,moving,2
1,7253874,2023-03-30 18:30:06.000,2023-03-30 20:25:06.000 +0200,"41,938485","12,527066","0",0,10,moving,2
1,4614314,2023-03-02 18:18:43.000,2023-03-02 19:13:43.000 +0100,"44,513485","7,491093","50",292,9,moving,1
1,7244656,2023-03-30 07:15:29.000,2023-03-30 09:10:29.000 +0200,"37,398851","13,860848","88",76,10,moving,2
1,7236441,2023-03-30 08:45:08.000,2023-03-30 10:40:08.000 +0200,"45,830606","13,095483","85",258,10,moving,2
1,7236441,2023-03-30 12:23:55.000,2023-03-30 14:18:55.000 +0200,"45,409423","10,908258","83",290,10,moving,2
1,7253874,2023-03-31 07:25:28.000,2023-03-31 09:20:28.000 +0200,"41,918865","12,561136","13",217,10,moving,2
1,7244656,2023-03-31 08:07:31.000,2023-03-31 10:02:31.000 +0200,"37,31121","13,608303","49",6,10,moving,2
1,7244656,2023-03-30 06:56:47.000,2023-03-30 08:51:47.000 +0200,"37,359866","13,642771","53",152,10,moving,2
1,4079613,2023-03-03 04:14:49.000,2023-03-03 05:09:49.000 +0100,"45,086243","7,516245","34",236,13,moving,1
1,7253874,2023-03-30 16:00:55.000,2023-03-30 17:55:55.000 +0200,"41,880235","12,55992","42",201,10,moving,2
1,7236441,2023-03-29 08:09:26.000,2023-03-29 10:04:26.000 +0200,"48,07365","17,063773","69",297,10,moving,2
1,7256380,2023-03-31 08:39:07.000,2023-03-31 10:34:07.000 +0200,"40,74259","14,674431","0",269,10,moving,2
1,7236441,2023-03-29 13:36:42.000,2023-03-29 15:31:42.000 +0200,"46,688421","14,70113","82",240,10,moving,2
1,7256380,2023-03-31 08:39:28.000,2023-03-31 10:34:28.000 +0200,"40,742681","14,673618","9",289,10,moving,2
1,4614314,2023-03-03 05:49:51.000,2023-03-03 06:44:51.000 +0100,"44,591133","7,522802","72",336,9,moving,1
1,7256380,2023-03-29 10:32:39.000,2023-03-29 12:27:39.000 +0200,"40,648678","14,860008","39",276,10,moving,2
1,7236441,2023-03-29 08:09:45.000,2023-03-29 10:04:45.000 +0200,"48,075278","17,05911","83",298,10,moving,2
1,4614314,2023-03-03 05:54:01.000,2023-03-03 06:49:01.000 +0100,"44,618038","7,546148","69",46,9,moving,1
1,2782444,2023-03-30 05:10:12.000,2023-03-30 07:05:12.000 +0200,"44,561761","10,787278","0",0,10,moving,2
1,7244656,2023-03-30 03:25:24.000,2023-03-30 05:20:24.000 +0200,"37,517178","13,086975","44",301,10,moving,2
1,7253874,2023-03-31 17:00:37.000,2023-03-31 18:55:37.000 +0200,"41,89227","12,637348","59",270,10,moving,2
1,7244656,2023-03-30 03:32:29.000,2023-03-30 05:27:29.000 +0200,"37,51207","13,070456","17",163,10,moving,2
1,7253874,2023-03-31 16:19:23.000,2023-03-31 18:14:23.000 +0200,"41,880253","12,628335","43",297,10,moving,2
1,7236441,2023-03-29 13:40:43.000,2023-03-29 15:35:43.000 +0200,"46,679295","14,633631","84",251,10,moving,2
1,4587566,2023-03-29 13:25:28.000,2023-03-29 15:20:28.000 +0200,"43,16404","13,0589","66",168,10,moving,2
1,4587566,2023-03-31 02:21:42.000,2023-03-31 04:16:42.000 +0200,"43,26768","13,36371","72",284,10,moving,2
1,7244656,2023-03-30 09:18:11.000,2023-03-30 11:13:11.000 +0200,"37,40295","14,144815","0",0,10,moving,2
1,5240102,2023-03-03 06:27:06.000,2023-03-03 07:22:06.000 +0100,"45,636906","11,981056","55",70,9,moving,1
1,7256380,2023-03-30 07:04:28.000,2023-03-30 08:59:28.000 +0200,"40,754623","14,665985","13",30,10,moving,2
1,7236441,2023-03-30 09:20:13.000,2023-03-30 11:15:13.000 +0200,"45,675071","12,53883","85",235,10,moving,2
1,7236441,2023-03-30 09:27:30.000,2023-03-30 11:22:30.000 +0200,"45,62307","12,428836","84",237,10,moving,2
1,4270504,2023-03-03 07:05:42.000,2023-03-03 08:00:42.000 +0100,"45,542545","9,170406","0",166,24,moving,1
1,4079613,2023-03-03 06:29:49.000,2023-03-03 07:24:49.000 +0100,"45,102829","7,681228","0",184,9,moving,1
1,7253874,2023-03-31 12:56:54.000,2023-03-31 14:51:54.000 +0200,"41,919483","12,552816","24",233,10,moving,2
1,4587566,2023-03-31 08:00:40.000,2023-03-31 09:55:40.000 +0200,"43,19481","13,04412","0",0,10,moving,2
1,2782444,2023-03-31 07:53:18.000,2023-03-31 09:48:18.000 +0200,"44,560091","10,786895","6",126,10,moving,2
1,2782444,2023-03-31 15:20:48.000,2023-03-31 17:15:48.000 +0200,"44,559951","10,788101","2",0,10,moving,2
1,4186263,2023-03-03 07:29:23.000,2023-03-03 08:24:23.000 +0100,"40,348011","18,04311","14",128,11,moving,1
1,4631112,2023-03-03 07:24:17.000,2023-03-03 08:19:17.000 +0100,"45,43552","11,025989","0",0,9,on,1
1,4186263,2023-03-03 07:37:34.000,2023-03-03 08:32:34.000 +0100,"40,344921","18,045715","9",226,11,moving,1
1,7256380,2023-03-29 06:08:40.000,2023-03-29 08:03:40.000 +0200,"40,748013","14,686233","0",0,10,on,2
1,4587566,2023-03-31 13:45:44.000,2023-03-31 15:40:44.000 +0200,"43,16431","13,24664","94",4,10,moving,2
1,4631112,2023-03-03 08:13:48.000,2023-03-03 09:08:48.000 +0100,"45,43586","11,031983","0",0,9,on,1
1,7253874,2023-03-30 15:51:20.000,2023-03-30 17:46:20.000 +0200,"41,897468","12,558333","5",178,10,moving,2
1,4587566,2023-03-31 02:20:42.000,2023-03-31 04:15:42.000 +0200,"43,26244","13,37568","72",330,10,moving,2
1,7244656,2023-03-29 07:39:44.000,2023-03-29 09:34:44.000 +0200,"37,461238","15,035385","0",0,10,on,2
1,2782444,2023-03-29 05:50:44.000,2023-03-29 07:45:44.000 +0200,"44,577766","10,758003","6",181,10,moving,2
1,7236441,2023-03-31 04:10:45.000,2023-03-31 06:05:45.000 +0200,"44,860785","11,188841","57",72,10,moving,2
1,7253874,2023-03-31 10:29:33.000,2023-03-31 12:24:33.000 +0200,"41,94105","12,552488","0",0,10,moving,2
1,7236441,2023-03-31 07:31:01.000,2023-03-31 09:26:01.000 +0200,"44,861301","10,250063","72",288,10,moving,2
1,2782444,2023-03-30 06:42:29.000,2023-03-30 08:37:29.000 +0200,"44,55831","10,821845","2",0,10,moving,2
1,4587566,2023-03-31 13:23:27.000,2023-03-31 15:18:27.000 +0200,"43,12058","13,0827","67",176,10,moving,2
1,4639455,2023-03-08 13:57:32.000,2023-03-08 14:52:32.000 +0100,"45,688801","10,098422","0",0,11,on,1
1,1648673,2023-03-02 15:44:57.000,2023-03-02 16:39:57.000 +0100,"45,500328","8,94256","3",0,15,on,1
1,1643949,2023-03-02 18:24:39.000,2023-03-02 19:19:39.000 +0100,"40,924389","14,839668","44",196,11,moving,1
1,4407578,2023-03-02 16:38:07.000,2023-03-02 17:33:07.000 +0100,"42,412064","12,121224","23",64,11,moving,1
1,1643949,2023-03-02 18:04:40.000,2023-03-02 18:59:40.000 +0100,"40,932621","14,874855","76",54,11,moving,1
1,7247476,2023-03-27 13:33:00.000,2023-03-27 15:28:00.000 +0200,"44,429166","8,766911","28",271,10,moving,2
1,4557203,2023-03-02 18:16:45.000,2023-03-02 19:11:45.000 +0100,"41,794346","12,507787","141",276,13,moving,1
1,7255511,2023-03-27 12:09:15.000,2023-03-27 14:04:15.000 +0200,"41,048558","14,277815","0",0,10,moving,2
1,4551708,2023-03-02 17:03:06.000,2023-03-02 17:58:06.000 +0100,"41,45237","15,559266","0",0,11,moving,1
1,1674158,2023-03-02 17:55:21.000,2023-03-02 18:50:21.000 +0100,"41,034916","14,306405","0",0,34,moving,1
1,5076490,2023-03-02 18:12:16.000,2023-03-02 19:07:16.000 +0100,"44,82132","11,612311","22",292,11,moving,1
1,1674158,2023-03-02 17:34:26.000,2023-03-02 18:29:26.000 +0100,"41,034847","14,306488","0",0,37,on,1
1,7254029,2023-03-27 02:39:18.000,2023-03-27 04:34:18.000 +0200,"44,830658","8,816201","89",251,10,moving,2
1,3322105,2023-03-08 15:31:37.000,2023-03-08 16:26:37.000 +0100,"40,739395","14,561502","33",254,13,moving,1
1,7255511,2023-03-24 10:10:59.000,2023-03-24 11:05:59.000 +0100,"44,490341","11,394816","78",310,10,moving,2
1,1688640,2023-03-02 21:43:50.000,2023-03-02 22:38:50.000 +0100,"43,75703","13,157017","64",132,11,moving,1
1,7254029,2023-03-24 11:44:13.000,2023-03-24 12:39:13.000 +0100,"45,575703","9,821786","1",128,10,moving,2
1,1674158,2023-03-08 11:37:05.000,2023-03-08 12:32:05.000 +0100,"41,040897","14,330053","6",200,15,on,1
1,4546452,2023-03-08 15:53:56.000,2023-03-08 16:48:56.000 +0100,"41,023163","14,359727","0",146,11,on,1
1,7254029,2023-03-28 02:43:37.000,2023-03-28 04:38:37.000 +0200,"45,429271","10,709921","86",90,10,moving,2
1,7247476,2023-03-29 09:43:53.000,2023-03-29 11:38:53.000 +0200,"45,01369","9,005928","89",248,10,moving,2
1,5094791,2023-03-08 15:53:41.000,2023-03-08 16:48:41.000 +0100,"45,563591","7,809942","40",228,11,moving,1
1,7247476,2023-03-29 08:28:15.000,2023-03-29 10:23:15.000 +0200,"44,873585","10,188305","89",283,10,moving,2
1,4548764,2023-03-03 05:01:36.000,2023-03-03 05:56:36.000 +0100,"43,599686","10,964263","0",0,10,moving,1
1,7247476,2023-03-30 03:01:05.000,2023-03-30 04:56:05.000 +0200,"45,252133","9,130661","2",349,10,moving,2
1,1646840,2023-03-03 05:02:43.000,2023-03-03 05:57:43.000 +0100,"41,023796","14,352288","1",0,19,moving,1
1,4587251,2023-03-02 18:22:08.000,2023-03-02 19:17:08.000 +0100,"44,466343","7,332455","2",224,21,on,1
1,4133377,2023-03-08 16:43:12.000,2023-03-08 17:38:12.000 +0100,"45,586288","8,059608","42",358,12,moving,1
1,4049021,2023-03-03 04:49:52.000,2023-03-03 05:44:52.000 +0100,"38,071777","13,2723","50",272,21,moving,1
1,7247476,2023-03-29 09:50:09.000,2023-03-29 11:45:09.000 +0200,"44,959518","8,917446","89",222,10,moving,2
1,4133377,2023-03-08 16:25:42.000,2023-03-08 17:20:42.000 +0100,"45,550594","8,071511","5",328,9,moving,1
1,5084598,2023-03-08 16:05:34.000,2023-03-08 17:00:34.000 +0100,"40,933308","14,230826","33",310,11,moving,1
1,7247476,2023-03-31 01:53:35.000,2023-03-31 03:48:35.000 +0200,"45,079818","9,059125","50",66,10,moving,2
1,4049021,2023-03-03 05:52:39.000,2023-03-03 06:47:39.000 +0100,"37,977863","13,24126","0",354,10,on,1
1,7247476,2023-03-31 02:43:42.000,2023-03-31 04:38:42.000 +0200,"45,424726","9,078846","72",336,10,moving,2
1,7247476,2023-03-30 14:47:33.000,2023-03-30 16:42:33.000 +0200,"45,067935","9,035628","18",250,10,moving,2
1,7247476,2023-03-31 07:24:32.000,2023-03-31 09:19:32.000 +0200,"45,715473","9,19229","16",60,10,moving,2
1,4049021,2023-03-03 05:32:01.000,2023-03-03 06:27:01.000 +0100,"38,007847","13,251648","0",258,17,moving,1
1,7254029,2023-03-31 09:10:19.000,2023-03-31 11:05:19.000 +0200,"45,251443","11,236856","75",333,10,moving,2
1,7247476,2023-03-31 07:23:49.000,2023-03-31 09:18:49.000 +0200,"45,713156","9,186296","62",61,10,moving,2
1,4587251,2023-03-02 21:32:55.000,2023-03-02 22:27:55.000 +0100,"44,412186","7,438935","12",4,11,moving,1
1,5094791,2023-03-08 17:24:40.000,2023-03-08 18:19:40.000 +0100,"45,56168","7,809164","8",0,21,on,1
1,5076490,2023-03-08 18:07:21.000,2023-03-08 19:02:21.000 +0100,"44,823883","11,62063","35",224,15,moving,1
1,7254029,2023-03-30 11:54:00.000,2023-03-30 13:49:00.000 +0200,"45,50625","9,004221","90",83,10,moving,2
1,4133377,2023-03-08 17:47:14.000,2023-03-08 18:42:14.000 +0100,"45,549133","8,103256","0",294,10,on,1
1,4133377,2023-03-08 17:45:27.000,2023-03-08 18:40:27.000 +0100,"45,547153","8,102035","25",92,10,moving,1
1,1663892,2023-03-08 16:37:56.000,2023-03-08 17:32:56.000 +0100,"41,810402","12,660094","40",224,12,moving,1
1,7254029,2023-03-30 03:21:17.000,2023-03-30 05:16:17.000 +0200,"45,318641","8,393265","0",0,10,moving,2
1,1678458,2023-03-03 04:38:55.000,2023-03-03 05:33:55.000 +0100,"41,836994","12,831492","45",316,14,moving,1
1,4594058,2023-03-03 04:14:39.000,2023-03-03 05:09:39.000 +0100,"38,229256","15,508638","79",114,20,moving,1
1,7254029,2023-03-30 07:00:03.000,2023-03-30 08:55:03.000 +0200,"45,095798","7,385955","77",282,10,moving,2
1,7255511,2023-03-30 05:08:35.000,2023-03-30 07:03:35.000 +0200,"41,012411","14,283876","27",267,10,moving,2
1,5084598,2023-03-08 18:25:13.000,2023-03-08 19:20:13.000 +0100,"40,90134","14,213309","29",186,11,moving,1
1,7247476,2023-03-29 05:35:30.000,2023-03-29 07:30:30.000 +0200,"44,428666","11,279928","0",0,10,on,2
1,7247476,2023-03-29 10:40:56.000,2023-03-29 12:35:56.000 +0200,"44,686936","8,66334","89",201,10,moving,2
1,4118201,2023-03-03 06:34:25.000,2023-03-03 07:29:25.000 +0100,"40,056873","18,004299","0",356,9,moving,1
1,7247476,2023-03-29 10:36:02.000,2023-03-29 12:31:02.000 +0200,"44,747466","8,647481","85",164,10,moving,2
1,7254029,2023-03-29 08:00:13.000,2023-03-29 09:55:13.000 +0200,"45,595265","9,61433","20",289,10,moving,2
1,4624791,2023-03-02 18:03:54.000,2023-03-02 18:58:54.000 +0100,"40,327076","18,096664","6",216,11,moving,1
1,4480270,2023-03-02 18:57:34.000,2023-03-02 19:52:34.000 +0100,"41,077232","14,230091","0",0,12,on,1
1,4598694,2023-03-02 22:25:45.000,2023-03-02 23:20:45.000 +0100,"41,004269","16,864141","0",0,24,moving,1
1,4624791,2023-03-03 04:56:00.000,2023-03-03 05:51:00.000 +0100,"40,373192","18,136362","27",198,12,moving,1
1,4569543,2023-03-29 06:35:09.000,2023-03-29 08:30:09.000 +0200,"45,45263","9,164855","0",0,10,on,2
1,4599856,2023-03-03 05:56:04.000,2023-03-03 06:51:04.000 +0100,"42,403595","14,305391","84",302,9,moving,1
1,4569543,2023-03-31 04:52:57.000,2023-03-31 06:47:57.000 +0200,"45,45879","9,170013","16",218,10,moving,2
1,4569543,2023-03-29 08:05:02.000,2023-03-29 10:00:02.000 +0200,"45,4738","9,15949","3",214,10,moving,2
1,4599856,2023-03-03 06:24:37.000,2023-03-03 07:19:37.000 +0100,"42,46199","14,228415","0",312,10,on,1
1,5974940,2023-03-03 06:23:41.000,2023-03-03 07:18:41.000 +0100,"41,868092","0,420695","1",36,8,moving,1
1,4599856,2023-03-03 06:11:24.000,2023-03-03 07:06:24.000 +0100,"42,446587","14,20153","5",22,12,moving,1
1,4569543,2023-03-30 09:13:02.000,2023-03-30 11:08:02.000 +0200,"45,51083","9,097561","8",82,10,moving,2
1,5974940,2023-03-03 06:47:41.000,2023-03-03 07:42:41.000 +0100,"41,63773","0,582567","63",128,6,moving,1
1,11047474,2023-03-30 11:57:47.000,2023-03-30 13:52:47.000 +0200,"45,73889","12,12414","62",320,10,moving,2
1,4551391,2023-03-31 13:58:03.000,2023-03-31 15:53:03.000 +0200,"45,45185","8,623143","0",0,10,moving,2
1,4569543,2023-03-29 06:00:35.000,2023-03-29 07:55:35.000 +0200,"45,46768","9,179111","0",0,10,moving,2
1,2808008,2023-03-31 10:43:09.000,2023-03-31 12:38:09.000 +0200,"45,537316","9,164975","37",235,10,moving,2
1,4569543,2023-03-29 10:15:04.000,2023-03-29 12:10:04.000 +0200,"45,46715","9,166238","12",14,10,moving,2
1,4596028,2023-03-03 08:15:06.000,2023-03-03 09:10:06.000 +0100,"45,74538","7,633875","151",124,9,moving,1
1,11037461,2023-03-30 02:38:43.000,2023-03-30 04:33:43.000 +0200,"45,55699","9,035848","0",0,10,on,2
1,4596028,2023-03-03 08:05:06.000,2023-03-03 09:00:06.000 +0100,"45,741367","7,377387","48",90,12,moving,1
1,4596028,2023-03-03 09:00:35.000,2023-03-03 09:55:35.000 +0100,"45,6623","7,857993","48",176,30,moving,1
1,4569543,2023-03-30 04:52:00.000,2023-03-30 06:47:00.000 +0200,"45,47278","9,192361","4",292,10,moving,2
1,4633706,2023-03-03 09:15:59.000,2023-03-03 10:10:59.000 +0100,"45,666428","12,221341","1",0,10,moving,1
1,4569543,2023-03-29 09:32:34.000,2023-03-29 11:27:34.000 +0200,"45,498","9,123263","46",120,10,moving,2
1,4569543,2023-03-30 10:52:20.000,2023-03-30 12:47:20.000 +0200,"45,3868","9,166023","94",290,10,moving,2
1,2808008,2023-03-30 10:46:58.000,2023-03-30 12:41:58.000 +0200,"45,510846","9,125205","19",7,10,moving,2
1,4595688,2023-03-30 06:19:13.000,2023-03-30 08:14:13.000 +0200,"43,32533","11,34238","0",0,80,moving,2
1,4595688,2023-03-30 08:23:17.000,2023-03-30 10:18:17.000 +0200,"43,32535","11,3425","0",0,10,on,2
1,4633706,2023-03-03 10:39:46.000,2023-03-03 11:34:46.000 +0100,"45,714886","12,204081","2",110,11,moving,1
1,4596028,2023-03-03 10:26:31.000,2023-03-03 11:21:31.000 +0100,"45,740833","7,47149","1",100,15,moving,1
1,4596028,2023-03-03 10:27:31.000,2023-03-03 11:22:31.000 +0100,"45,740276","7,471967","73",228,12,moving,1
1,4595688,2023-03-29 08:16:35.000,2023-03-29 10:11:35.000 +0200,"43,32952","11,3168","0",0,10,moving,2
1,4624791,2023-03-03 11:43:24.000,2023-03-03 12:38:24.000 +0100,"40,365643","18,145729","46",154,8,moving,1
1,1682308,2023-03-03 11:59:47.000,2023-03-03 12:54:47.000 +0100,"40,918606","14,174539","23",180,11,moving,1
1,4596028,2023-03-03 11:44:02.000,2023-03-03 12:39:02.000 +0100,"45,720638","7,66994","105",140,14,moving,1
1,4596028,2023-03-03 12:09:56.000,2023-03-03 13:04:56.000 +0100,"45,653339","7,704517","10",344,22,on,1
1,11037461,2023-03-29 16:49:45.000,2023-03-29 18:44:45.000 +0200,"45,92464","8,452396","43",82,10,moving,2
1,4595349,2023-03-03 11:47:22.000,2023-03-03 12:42:22.000 +0100,"45,387527","9,15817","0",308,26,moving,1
1,11037461,2023-03-29 03:38:21.000,2023-03-29 05:33:21.000 +0200,"45,55735","9,035756","0",0,10,moving,2
1,4598694,2023-03-03 13:39:51.000,2023-03-03 14:34:51.000 +0100,"40,997803","16,872732","68",82,19,moving,1
1,3318022,2023-03-03 13:43:31.000,2023-03-03 14:38:31.000 +0100,"40,947247","14,294066","0",0,13,on,1
1,4242740,2023-03-03 13:09:07.000,2023-03-03 14:04:07.000 +0100,"40,121685","18,307613","49",260,10,moving,1
1,4569543,2023-03-30 07:35:15.000,2023-03-30 09:30:15.000 +0200,"45,4732","9,189278","4",266,10,moving,2
1,2808008,2023-03-30 04:06:51.000,2023-03-30 06:01:51.000 +0200,"45,534971","9,16015","50",235,10,moving,2
1,4551391,2023-03-31 15:37:49.000,2023-03-31 17:32:49.000 +0200,"45,54676","8,724833","44",202,10,moving,2
1,4569543,2023-03-30 07:51:45.000,2023-03-30 09:46:45.000 +0200,"45,48242","9,149116","0",0,10,moving,2
1,4624791,2023-03-03 15:24:22.000,2023-03-03 16:19:22.000 +0100,"40,326138","18,149271","122",90,9,moving,1
1,4624791,2023-03-03 15:34:34.000,2023-03-03 16:29:34.000 +0100,"40,359886","18,195723","45",70,19,moving,1
1,4624791,2023-03-03 15:27:02.000,2023-03-03 16:22:02.000 +0100,"40,336311","18,19907","113",24,9,moving,1
1,11037461,2023-03-29 00:40:21.000,2023-03-29 02:35:21.000 +0200,"45,39782","10,9614","79",276,10,moving,2
1,4596028,2023-03-03 15:36:54.000,2023-03-03 16:31:54.000 +0100,"45,454163","7,878968","7",206,17,moving,1
1,4624791,2023-03-03 15:41:24.000,2023-03-03 16:36:24.000 +0100,"40,326229","18,155563","106",270,10,moving,1
1,11037461,2023-03-29 03:53:21.000,2023-03-29 05:48:21.000 +0200,"45,58365","9,058291","26",326,10,moving,2
1,3231859,2023-03-03 16:17:10.000,2023-03-03 17:12:10.000 +0100,"43,554306","12,107194","36",194,10,moving,1
1,4569543,2023-03-31 10:07:59.000,2023-03-31 12:02:59.000 +0200,"45,45731","9,162211","0",0,10,moving,2
1,4569543,2023-03-30 05:37:29.000,2023-03-30 07:32:29.000 +0200,"45,46796","9,181858","21",80,10,moving,2
1,4480270,2023-03-03 17:17:39.000,2023-03-03 18:12:39.000 +0100,"41,084099","14,272825","0",0,10,moving,1
1,4600353,2023-03-02 16:17:14.000,2023-03-02 17:12:14.000 +0100,"39,454422","15,190179","39",154,12,moving,1
1,2783617,2023-03-29 05:51:44.000,2023-03-29 07:46:44.000 +0200,"44,957613","25,982675","63",99,10,moving,2
1,4558180,2023-03-02 18:21:49.000,2023-03-02 19:16:49.000 +0100,"41,973019","12,540317","33",274,19,moving,1
1,4600353,2023-03-02 18:57:43.000,2023-03-02 19:52:43.000 +0100,"38,545761","15,611079","40",166,9,moving,1
1,4600353,2023-03-02 19:26:43.000,2023-03-02 20:21:43.000 +0100,"38,375046","15,661059","40",168,10,moving,1
1,4359980,2023-03-02 18:06:19.000,2023-03-02 19:01:19.000 +0100,"45,521488","9,037377","60",50,13,moving,1
1,4600353,2023-03-02 19:25:43.000,2023-03-02 20:20:43.000 +0100,"38,380951","15,659599","39",168,10,moving,1
1,4600353,2023-03-02 21:44:34.000,2023-03-02 22:39:34.000 +0100,"37,942261","15,360707","87",216,9,moving,1
1,4600353,2023-03-02 21:57:11.000,2023-03-02 22:52:11.000 +0100,"37,83007","15,252399","86",210,10,moving,1
1,4600405,2023-03-29 10:13:35.000,2023-03-29 12:08:35.000 +0200,"45,52459","10,20207","20",196,10,moving,2
1,2783617,2023-03-31 09:00:08.000,2023-03-31 10:55:08.000 +0200,"44,912988","25,990448","81",147,10,moving,2
1,4600353,2023-03-02 23:10:43.000,2023-03-03 00:05:43.000 +0100,"37,552265","14,983795","0",0,8,moving,1
1,4600353,2023-03-03 04:10:29.000,2023-03-03 05:05:29.000 +0100,"37,552277","14,983846","0",0,12,moving,1
1,4600353,2023-03-02 22:36:32.000,2023-03-02 23:31:32.000 +0100,"37,543236","15,05604","86",228,10,moving,1
1,4563544,2023-03-02 23:25:57.000,2023-03-03 00:20:57.000 +0100,"45,368439","9,365657","58",10,29,moving,1
1,4600353,2023-03-03 02:27:14.000,2023-03-03 03:22:14.000 +0100,"37,552246","14,983881","0",0,8,moving,1
1,4600353,2023-03-02 22:37:43.000,2023-03-02 23:32:43.000 +0100,"37,533886","15,040819","86",218,10,moving,1
1,4547459,2023-03-03 05:24:27.000,2023-03-03 06:19:27.000 +0100,"41,865604","12,409906","6",166,11,on,1
1,4600353,2023-03-03 02:49:05.000,2023-03-03 03:44:05.000 +0100,"37,552223","14,983855","0",0,8,moving,1
1,4541252,2023-03-03 04:06:40.000,2023-03-03 05:01:40.000 +0100,"40,809193","16,531948","8",0,10,moving,1
1,4558180,2023-03-03 05:00:54.000,2023-03-03 05:55:54.000 +0100,"41,945156","12,486609","0",0,11,moving,1
1,4600353,2023-03-03 03:18:21.000,2023-03-03 04:13:21.000 +0100,"37,552181","14,983809","0",0,9,moving,1
1,4600353,2023-03-03 05:12:57.000,2023-03-03 06:07:57.000 +0100,"37,552261","14,983824","0",0,10,moving,1
1,7240982,2023-03-29 10:32:33.000,2023-03-29 12:27:33.000 +0200,"41,447115","14,066623","0",0,10,moving,2
1,2783617,2023-03-31 03:11:26.000,2023-03-31 05:06:26.000 +0200,"44,94008","25,902888","72",152,10,moving,2
1,4600353,2023-03-03 05:37:27.000,2023-03-03 06:32:27.000 +0100,"37,55225","14,983822","0",0,10,moving,1
1,2783617,2023-03-30 00:09:32.000,2023-03-30 02:04:32.000 +0200,"44,938558","25,90403","72",336,10,moving,2
1,2783617,2023-03-31 11:24:16.000,2023-03-31 13:19:16.000 +0200,"44,37871","26,219301","57",262,10,moving,2
1,4623922,2023-03-03 05:47:29.000,2023-03-03 06:42:29.000 +0100,"41,903721","12,424911","9",84,10,moving,1
1,4600353,2023-03-03 05:57:27.000,2023-03-03 06:52:27.000 +0100,"37,552246","14,983832","0",0,9,moving,1
1,1654854,2023-03-01 10:25:31.000,2023-03-01 11:20:31.000 +0100,"42,122478","12,705826","63",22,11,moving,1
1,4623922,2023-03-03 06:15:26.000,2023-03-03 07:10:26.000 +0100,"41,913975","12,460065","0",28,12,moving,1
1,4600353,2023-03-03 06:28:27.000,2023-03-03 07:23:27.000 +0100,"37,552212","14,983824","0",0,9,moving,1
1,1654854,2023-03-01 11:57:17.000,2023-03-01 12:52:17.000 +0100,"42,115524","12,698945","37",174,13,moving,1
1,2783617,2023-03-31 02:29:45.000,2023-03-31 04:24:45.000 +0200,"44,941863","25,946628","65",276,10,moving,2
1,4547459,2023-03-03 06:36:58.000,2023-03-03 07:31:58.000 +0100,"41,901386","12,425984","0",0,9,moving,1
1,4547459,2023-03-03 06:59:41.000,2023-03-03 07:54:41.000 +0100,"41,893993","12,432461","4",112,9,moving,1
1,5996396,2023-03-03 06:57:59.000,2023-03-03 07:52:59.000 +0100,"44,867203","10,054938","0",222,10,moving,1
1,4600405,2023-03-31 08:02:24.000,2023-03-31 09:57:24.000 +0200,"45,55398","10,23389","24",28,10,moving,2
1,7240982,2023-03-31 10:34:47.000,2023-03-31 12:29:47.000 +0200,"41,533053","14,60578","36",292,10,moving,2
1,2783617,2023-03-31 13:57:56.000,2023-03-31 15:52:56.000 +0200,"44,59825","26,17622","83",3,10,moving,2
1,2783617,2023-03-31 13:45:10.000,2023-03-31 15:40:10.000 +0200,"44,481773","26,223436","46",320,10,moving,2
1,2783617,2023-03-31 13:31:13.000,2023-03-31 15:26:13.000 +0200,"44,379095","26,223348","52",74,10,moving,2
1,7240982,2023-03-31 10:24:07.000,2023-03-31 12:19:07.000 +0200,"41,473186","14,559348","47",9,10,moving,2
1,2783617,2023-03-31 13:36:30.000,2023-03-31 15:31:30.000 +0200,"44,420315","26,235915","70",8,10,moving,2
1,7240982,2023-03-30 03:15:56.000,2023-03-30 05:10:56.000 +0200,"41,490728","14,600638","68",52,10,moving,2
1,7242411,2023-03-31 02:15:28.000,2023-03-31 04:10:28.000 +0200,"45,56138","9,707225","0",0,10,moving,2
1,4600353,2023-03-03 08:29:58.000,2023-03-03 09:24:58.000 +0100,"37,552048","14,98389","0",0,9,moving,1
1,2783617,2023-03-30 08:38:47.000,2023-03-30 10:33:47.000 +0200,"44,92904","25,973206","83",309,10,moving,2
1,4600405,2023-03-30 14:42:50.000,2023-03-30 16:37:50.000 +0200,"45,52457","10,20081","0",0,80,on,2
1,7240982,2023-03-31 07:31:16.000,2023-03-31 09:26:16.000 +0200,"41,532131","14,613648","20",141,10,moving,2
1,7240982,2023-03-30 04:38:06.000,2023-03-30 06:33:06.000 +0200,"41,533563","14,385981","69",296,10,moving,2
1,4600353,2023-03-03 09:57:15.000,2023-03-03 10:52:15.000 +0100,"37,318771","15,029388","73",250,9,moving,1
1,1692288,2023-03-03 10:05:10.000,2023-03-03 11:00:10.000 +0100,"44,988091","7,622586","1",0,38,moving,1
1,4600405,2023-03-29 09:30:54.000,2023-03-29 11:25:54.000 +0200,"45,5164","10,2422","0",0,10,moving,2
1,2783617,2023-03-30 02:41:47.000,2023-03-30 04:36:47.000 +0200,"44,482466","25,972445","69",213,10,moving,2
1,1692288,2023-03-03 10:08:55.000,2023-03-03 11:03:55.000 +0100,"44,99213","7,640672","25",68,10,moving,1
1,7240982,2023-03-31 09:55:47.000,2023-03-31 11:50:47.000 +0200,"41,599823","14,268053","69",123,10,moving,2
1,4174703,2023-03-01 04:16:09.000,2023-03-01 05:11:09.000 +0100,"45,530506","10,780953","88",352,8,moving,1
1,5256216,2023-03-01 04:21:53.000,2023-03-01 05:16:53.000 +0100,"44,057896","28,637466","71",302,10,moving,1
1,4113946,2023-03-01 04:47:00.000,2023-03-01 05:42:00.000 +0100,"43,623863","11,482552","44",304,11,moving,1
1,1668068,2023-03-01 05:08:06.000,2023-03-01 06:03:06.000 +0100,"45,608467","9,201943","0",0,11,moving,1
1,4174703,2023-03-01 05:21:27.000,2023-03-01 06:16:27.000 +0100,"46,28397","11,23601","122",8,14,moving,1
1,4174703,2023-03-01 04:52:12.000,2023-03-01 05:47:12.000 +0100,"45,833145","11,002989","121",358,11,moving,1
1,4191723,2023-03-25 06:41:34.000,2023-03-25 07:36:34.000 +0100,"45,747684","7,607461","0",0,10,moving,1
1,4544711,2023-03-01 05:31:57.000,2023-03-01 06:26:57.000 +0100,"40,738506","14,663621","0",0,14,moving,1
1,4093389,2023-03-01 05:48:43.000,2023-03-01 06:43:43.000 +0100,"45,942329","8,563388","0",144,12,moving,1
1,1638432,2023-03-25 08:01:42.000,2023-03-25 08:56:42.000 +0100,"41,646816","12,657258","15",352,11,moving,1
1,1638432,2023-03-25 08:12:05.000,2023-03-25 09:07:05.000 +0100,"41,676228","12,699558","29",32,9,moving,1
1,4539611,2023-03-25 09:05:16.000,2023-03-25 10:00:16.000 +0100,"40,874413","14,125037","28",264,9,moving,1
1,4454311,2023-03-25 08:54:28.000,2023-03-25 09:49:28.000 +0100,"45,101921","7,640939","0",0,10,moving,1
1,1638432,2023-03-25 09:37:46.000,2023-03-25 10:32:46.000 +0100,"41,704014","12,686758","32",120,9,moving,1
1,4572512,2023-03-01 07:23:15.000,2023-03-01 08:18:15.000 +0100,"40,737808","14,716983","0",0,9,moving,1
1,4516860,2023-03-01 08:05:18.000,2023-03-01 09:00:18.000 +0100,"39,990177","18,095966","74",30,9,moving,1
1,4637986,2023-03-01 07:57:11.000,2023-03-01 08:52:11.000 +0100,"41,541176","12,976059","13",124,10,moving,1
1,4637986,2023-03-01 07:28:27.000,2023-03-01 08:23:27.000 +0100,"41,563206","12,941763","0",0,10,moving,1
1,4113946,2023-03-25 10:27:07.000,2023-03-25 11:22:07.000 +0100,"43,628227","11,485528","0",144,8,moving,1
1,4637986,2023-03-01 07:53:41.000,2023-03-01 08:48:41.000 +0100,"41,542297","12,955413","20",188,10,moving,1
1,1685438,2023-03-01 08:49:39.000,2023-03-01 09:44:39.000 +0100,"41,08897","16,837738","96",28,8,moving,1
1,4637986,2023-03-01 08:51:21.000,2023-03-01 09:46:21.000 +0100,"41,590588","12,833061","0",0,7,on,1
1,4238516,2023-03-01 08:46:33.000,2023-03-01 09:41:33.000 +0100,"42,557396","12,64963","0",0,8,moving,1
1,4544711,2023-03-01 08:55:00.000,2023-03-01 09:50:00.000 +0100,"40,740292","14,664165","10",0,11,moving,1
1,4637986,2023-03-01 09:04:31.000,2023-03-01 09:59:31.000 +0100,"41,607365","12,828959","0",0,9,moving,1
1,5964432,2023-03-01 08:52:05.000,2023-03-01 09:47:05.000 +0100,"41,160187","16,777094","17",270,7,moving,1
1,1666239,2023-03-25 11:46:35.000,2023-03-25 12:41:35.000 +0100,"41,117023","13,891869","36",228,24,moving,1
1,4544711,2023-03-01 09:28:46.000,2023-03-01 10:23:46.000 +0100,"40,740749","14,670259","19",104,12,moving,1
1,4637986,2023-03-01 09:27:01.000,2023-03-01 10:22:01.000 +0100,"41,598934","12,865371","41",130,8,moving,1
1,3347483,2023-03-25 11:48:58.000,2023-03-25 12:43:58.000 +0100,"40,76078","14,692009","12",194,11,moving,1
1,4238516,2023-03-01 10:31:59.000,2023-03-01 11:26:59.000 +0100,"42,558002","12,645104","1",0,11,moving,1
1,1685438,2023-03-25 12:41:55.000,2023-03-25 13:36:55.000 +0100,"40,999874","16,804356","0",0,9,on,1
1,4113946,2023-03-25 12:41:24.000,2023-03-25 13:36:24.000 +0100,"43,622112","11,473722","0",174,8,moving,1
1,4637986,2023-03-01 11:09:33.000,2023-03-01 12:04:33.000 +0100,"41,572456","12,92792","44",310,8,moving,1
1,4113946,2023-03-25 12:33:25.000,2023-03-25 13:28:25.000 +0100,"43,621983","11,47381","0",250,9,moving,1
1,4095427,2023-03-01 10:47:33.000,2023-03-01 11:42:33.000 +0100,"44,080818","12,52675","67",302,9,moving,1
1,1663484,2023-03-01 11:33:49.000,2023-03-01 12:28:49.000 +0100,"45,132843","7,690198","0",0,13,moving,1
1,4095427,2023-03-01 11:47:37.000,2023-03-01 12:42:37.000 +0100,"44,101681","12,518844","2",208,13,moving,1
1,4113946,2023-03-25 14:48:12.000,2023-03-25 15:43:12.000 +0100,"43,683201","11,463912","69",356,12,moving,1
1,1663484,2023-03-01 11:40:28.000,2023-03-01 12:35:28.000 +0100,"45,132866","7,690096","0",0,10,moving,1
1,1680848,2023-03-01 12:18:25.000,2023-03-01 13:13:25.000 +0100,"39,898026","8,533174","5",0,11,moving,1
1,4604172,2023-03-01 11:31:28.000,2023-03-01 12:26:28.000 +0100,"40,969334","14,206792","1",0,11,on,1
1,1680848,2023-03-01 12:45:39.000,2023-03-01 13:40:39.000 +0100,"39,900253","8,536325","21",230,11,moving,1
1,4604172,2023-03-01 12:47:47.000,2023-03-01 13:42:47.000 +0100,"40,980862","14,217244","7",14,15,on,1
1,4604172,2023-03-01 12:20:00.000,2023-03-01 13:15:00.000 +0100,"40,976662","14,267448","22",122,11,moving,1
1,5956642,2023-03-25 15:26:58.000,2023-03-25 16:21:58.000 +0100,"45,43491","8,708428","19",284,6,moving,1
1,1663484,2023-03-01 14:05:28.000,2023-03-01 15:00:28.000 +0100,"45,082058","7,637013","2",0,24,on,1
1,5256216,2023-03-01 14:18:19.000,2023-03-01 15:13:19.000 +0100,"44,087006","28,620253","13",248,7,moving,1
1,4516860,2023-03-01 13:25:26.000,2023-03-01 14:20:26.000 +0100,"40,075691","18,156939","9",116,9,moving,1
1,4238516,2023-03-01 14:07:24.000,2023-03-01 15:02:24.000 +0100,"42,568291","12,624944","6",50,8,moving,1
1,4113946,2023-03-25 16:29:38.000,2023-03-25 17:24:38.000 +0100,"43,621681","11,488992","67",74,10,moving,1
1,1663484,2023-03-25 16:52:19.000,2023-03-25 17:47:19.000 +0100,"44,995258","7,669085","0",0,12,moving,1
1,1666239,2023-03-01 14:14:08.000,2023-03-01 15:09:08.000 +0100,"41,118813","13,888211","34",0,9,moving,1
1,3263727,2023-03-25 17:38:52.000,2023-03-25 18:33:52.000 +0100,"43,916485","10,570977","26",188,9,moving,1
1,4603858,2023-03-25 17:13:44.000,2023-03-25 18:08:44.000 +0100,"40,675568","16,583706","0",0,17,moving,1
1,5964432,2023-03-23 23:38:53.000,2023-03-24 00:33:53.000 +0100,"41,087132","16,789989","2",60,10,moving,1
1,4604172,2023-03-25 18:05:41.000,2023-03-25 19:00:41.000 +0100,"40,96806","14,206917","1",0,13,moving,1
1,3263727,2023-03-25 17:47:52.000,2023-03-25 18:42:52.000 +0100,"43,894428","10,593334","47",96,12,moving,1
1,2772227,2023-03-27 04:33:07.000,2023-03-27 06:28:07.000 +0200,"45,646308","9,147303","22",286,10,moving,2
1,2772227,2023-03-27 04:31:36.000,2023-03-27 06:26:36.000 +0200,"45,646195","9,148901","0",0,10,moving,2
1,2772227,2023-03-28 03:29:31.000,2023-03-28 05:24:31.000 +0200,"45,644816","9,144586","7",107,10,moving,2
1,7252638,2023-03-28 03:40:13.000,2023-03-28 05:35:13.000 +0200,"39,005895","16,12893","0",0,10,moving,2
1,2772227,2023-03-27 05:07:29.000,2023-03-27 07:02:29.000 +0200,"45,64307","9,139951","7",189,10,moving,2
1,2772227,2023-03-27 05:15:34.000,2023-03-27 07:10:34.000 +0200,"45,643898","9,138618","11",104,10,moving,2
1,7245126,2023-03-29 12:47:35.000,2023-03-29 14:42:35.000 +0200,"41,299916","13,24683","52",114,80,moving,2
1,7245126,2023-03-30 08:43:15.000,2023-03-30 10:38:15.000 +0200,"40,529013","17,267176","85",16,10,moving,2
1,7245126,2023-03-30 05:42:12.000,2023-03-30 07:37:12.000 +0200,"41,085206","16,998995","11",98,10,moving,2
1,7245126,2023-03-30 09:47:58.000,2023-03-30 11:42:58.000 +0200,"40,519185","17,34346","89",79,10,moving,2
1,4326851,2023-03-23 11:45:42.000,2023-03-23 12:40:42.000 +0100,"39,242294","9,097166","1",0,12,on,1
1,5238495,2023-03-23 12:24:45.000,2023-03-23 13:19:45.000 +0100,"45,319317","7,660258","107",346,9,moving,1
1,4161799,2023-03-23 12:31:39.000,2023-03-23 13:26:39.000 +0100,"40,748119","14,619588","27",286,10,moving,1
1,4422055,2023-03-23 12:20:04.000,2023-03-23 13:15:04.000 +0100,"45,825573","8,807146","0",0,9,on,1
1,4430815,2023-03-23 13:35:51.000,2023-03-23 14:30:51.000 +0100,"45,080017","7,548856","85",208,8,moving,1
1,5996281,2023-03-23 13:30:25.000,2023-03-23 14:25:25.000 +0100,"40,785446","8,590078","0",252,7,moving,1
1,1670107,2023-03-23 13:01:29.000,2023-03-23 13:56:29.000 +0100,"45,782177","8,767694","31",300,9,moving,1
1,4430815,2023-03-23 13:31:51.000,2023-03-23 14:26:51.000 +0100,"45,105083","7,603246","70",290,8,moving,1
1,1670107,2023-03-23 12:56:19.000,2023-03-23 13:51:19.000 +0100,"45,778137","8,801805","56",264,11,moving,1
1,7245126,2023-03-31 11:38:25.000,2023-03-31 13:33:25.000 +0200,"41,688485","15,315013","0",0,10,moving,2
1,4378931,2023-03-23 13:51:57.000,2023-03-23 14:46:57.000 +0100,"45,070824","7,646701","9",266,9,moving,1
1,5996281,2023-03-23 14:27:05.000,2023-03-23 15:22:05.000 +0100,"40,803047","8,58008","27",348,6,moving,1
1,3203926,2023-03-23 14:17:36.000,2023-03-23 15:12:36.000 +0100,"44,102886","12,491935","12",324,9,moving,1
1,4378931,2023-03-23 13:47:57.000,2023-03-23 14:42:57.000 +0100,"45,070251","7,657901","8",296,12,moving,1
1,1660773,2023-03-23 14:22:41.000,2023-03-23 15:17:41.000 +0100,"41,039883","14,298294","0",0,9,on,1
1,7245126,2023-03-31 06:21:32.000,2023-03-31 08:16:32.000 +0200,"41,00612","15,583058","38",148,10,moving,2
1,7245126,2023-03-31 04:28:34.000,2023-03-31 06:23:34.000 +0200,"41,089376","16,80202","3",2,10,moving,2
1,7245126,2023-03-31 06:09:14.000,2023-03-31 08:04:14.000 +0200,"41,074785","15,547518","80",235,10,moving,2
1,7245126,2023-03-30 17:00:44.000,2023-03-30 18:55:44.000 +0200,"41,09208","16,797761","0",0,10,moving,2
1,7245126,2023-03-31 15:07:52.000,2023-03-31 17:02:52.000 +0200,"41,202636","16,109336","70",20,10,moving,2
1,7245126,2023-03-31 14:06:57.000,2023-03-31 16:01:57.000 +0200,"41,163211","16,089221","33",202,10,moving,2
1,7245126,2023-03-31 14:19:02.000,2023-03-31 16:14:02.000 +0200,"41,153961","16,084496","1",0,10,moving,2
1,4378931,2023-03-23 14:50:39.000,2023-03-23 15:45:39.000 +0100,"45,018734","7,482051","3",0,10,moving,1
1,2772227,2023-03-31 14:53:17.000,2023-03-31 16:48:17.000 +0200,"45,590746","9,21105","0",0,10,on,2
1,6007896,2023-03-23 15:06:00.000,2023-03-23 16:01:00.000 +0100,"40,602882","14,982483","26",86,7,moving,1
1,1660773,2023-03-23 15:42:22.000,2023-03-23 16:37:22.000 +0100,"41,041855","14,298707","0",0,14,moving,1
1,7252638,2023-03-29 10:22:00.000,2023-03-29 12:17:00.000 +0200,"38,8931","16,552861","15",339,10,moving,2
1,7245126,2023-03-31 13:52:01.000,2023-03-31 15:47:01.000 +0200,"41,193733","16,104888","0",0,10,moving,2
1,7245126,2023-03-30 15:03:23.000,2023-03-30 16:58:23.000 +0200,"41,092443","16,79714","10",115,10,moving,2
1,1660773,2023-03-23 16:15:19.000,2023-03-23 17:10:19.000 +0100,"41,040199","14,297543","0",0,28,on,1
1,4272438,2023-03-23 16:31:50.000,2023-03-23 17:26:50.000 +0100,"43,816364","7,7615","38",322,15,moving,1
1,7245126,2023-03-30 08:45:24.000,2023-03-30 10:40:24.000 +0200,"40,556126","17,278555","89",19,10,moving,2
1,7245126,2023-03-30 11:39:58.000,2023-03-30 13:34:58.000 +0200,"40,452548","17,360526","3",34,10,moving,2
1,2772227,2023-03-29 07:09:03.000,2023-03-29 09:04:03.000 +0200,"45,604031","9,155138","26",93,10,moving,2
1,4430815,2023-03-23 16:50:44.000,2023-03-23 17:45:44.000 +0100,"45,076691","7,731577","42",26,10,moving,1
1,7245126,2023-03-29 12:10:21.000,2023-03-29 14:05:21.000 +0200,"41,588065","13,285451","64",219,10,moving,2
1,4580077,2023-03-23 17:54:25.000,2023-03-23 18:49:25.000 +0100,"45,352661","9,202303","0",0,12,on,1
1,4531983,2023-03-23 17:23:32.000,2023-03-23 18:18:32.000 +0100,"40,956104","14,327767","126",2,14,moving,1
1,7252638,2023-03-29 08:18:48.000,2023-03-29 10:13:48.000 +0200,"38,610871","16,150903","90",32,10,moving,2
1,7245126,2023-03-30 05:09:50.000,2023-03-30 07:04:50.000 +0200,"41,165511","16,61752","90",114,10,moving,2
1,7245126,2023-03-30 05:11:28.000,2023-03-30 07:06:28.000 +0200,"41,15642","16,644075","90",114,10,moving,2
1,7245126,2023-03-31 09:47:33.000,2023-03-31 11:42:33.000 +0200,"41,43466","15,636106","56",304,10,moving,2
1,7245126,2023-03-31 07:06:25.000,2023-03-31 09:01:25.000 +0200,"41,01104","15,580388","32",327,10,moving,2
1,7245126,2023-03-31 08:17:32.000,2023-03-31 10:12:32.000 +0200,"41,287021","15,894781","7",136,10,moving,2
1,1654473,2023-03-23 18:14:35.000,2023-03-23 19:09:35.000 +0100,"40,008648","18,159815","29",326,13,moving,1
1,7245126,2023-03-31 11:09:09.000,2023-03-31 13:04:09.000 +0200,"41,668586","15,355908","68",300,10,moving,2
1,7252638,2023-03-29 02:56:15.000,2023-03-29 04:51:15.000 +0200,"38,910751","16,422545","76",86,10,moving,2
1,1654473,2023-03-23 22:15:47.000,2023-03-23 23:10:47.000 +0100,"40,2342","18,233513","61",78,8,moving,1
1,3349327,2023-03-02 17:09:11.000,2023-03-02 18:04:11.000 +0100,"42,29221","12,21568","13",6,11,moving,1
1,3349327,2023-03-02 17:08:48.000,2023-03-02 18:03:48.000 +0100,"42,292416","12,214992","12",222,11,moving,1
1,4038279,2023-03-02 17:07:57.000,2023-03-02 18:02:57.000 +0100,"44,852596","7,767595","59",70,9,moving,1
1,3380025,2023-03-01 05:45:59.000,2023-03-01 06:40:59.000 +0100,"45,073425","7,597409","19",4,8,moving,1
1,4038279,2023-03-02 17:26:24.000,2023-03-02 18:21:24.000 +0100,"44,972401","7,852963","74",48,10,moving,1
1,4246274,2023-03-02 17:43:54.000,2023-03-02 18:38:54.000 +0100,"43,997356","12,657205","30",130,16,moving,1
1,3380025,2023-03-01 05:42:59.000,2023-03-01 06:37:59.000 +0100,"45,069424","7,599253","0",0,19,moving,1
1,3349327,2023-03-02 17:43:04.000,2023-03-02 18:38:04.000 +0100,"42,296181","12,21804","14",134,10,moving,1
1,4246274,2023-03-02 17:41:53.000,2023-03-02 18:36:53.000 +0100,"44,000034","12,656819","1",0,14,moving,1
1,3380025,2023-03-01 06:23:08.000,2023-03-01 07:18:08.000 +0100,"45,10273","7,723776","0",0,9,moving,1
1,4603027,2023-03-02 20:14:35.000,2023-03-02 21:09:35.000 +0100,"41,078575","14,251754","21",348,13,moving,1
1,4038279,2023-03-01 07:11:09.000,2023-03-01 08:06:09.000 +0100,"44,962238","7,839837","54",192,10,moving,1
1,4038279,2023-03-01 07:35:25.000,2023-03-01 08:30:25.000 +0100,"44,848248","7,71935","13",170,10,moving,1
1,4603027,2023-03-03 03:47:03.000,2023-03-03 04:42:03.000 +0100,"41,079014","14,228083","0",0,10,moving,1
1,4603027,2023-03-03 03:59:11.000,2023-03-03 04:54:11.000 +0100,"40,973412","14,300531","161",88,9,moving,1
1,4603027,2023-03-03 05:16:30.000,2023-03-03 06:11:30.000 +0100,"41,047741","14,237399","31",324,11,moving,1
1,4603027,2023-03-03 03:39:17.000,2023-03-03 04:34:17.000 +0100,"41,079872","14,252177","35",282,20,moving,1
1,4603027,2023-03-03 04:20:02.000,2023-03-03 05:15:02.000 +0100,"40,851418","14,271971","6",0,24,on,1
1,4320213,2023-03-03 05:31:09.000,2023-03-03 06:26:09.000 +0100,"38,093807","13,307927","19",44,13,moving,1
1,4446121,2023-03-03 05:35:30.000,2023-03-03 06:30:30.000 +0100,"40,507767","17,649544","55",358,14,moving,1
1,3263031,2023-03-01 08:30:22.000,2023-03-01 09:25:22.000 +0100,"45,562447","9,268483","13",190,17,moving,1
1,4320213,2023-03-03 05:25:08.000,2023-03-03 06:20:08.000 +0100,"38,075642","13,279136","0",0,13,moving,1
1,4320213,2023-03-03 05:34:09.000,2023-03-03 06:29:09.000 +0100,"38,095356","13,311328","0",0,14,moving,1
1,4446121,2023-03-03 05:32:30.000,2023-03-03 06:27:30.000 +0100,"40,504539","17,639978","13",188,11,moving,1
1,4446121,2023-03-03 06:01:25.000,2023-03-03 06:56:25.000 +0100,"40,645279","17,537327","17",262,8,on,1
1,4502404,2023-03-03 06:27:52.000,2023-03-03 07:22:52.000 +0100,"44,480404","11,01052","0",0,9,on,1
1,4502404,2023-03-03 05:58:36.000,2023-03-03 06:53:36.000 +0100,"44,410805","10,964829","1",0,34,on,1
1,4038279,2023-03-03 07:01:27.000,2023-03-03 07:56:27.000 +0100,"44,959061","7,838855","58",192,8,moving,1
1,3374639,2023-03-01 10:04:17.000,2023-03-01 10:59:17.000 +0100,"45,778099","9,18253","51",270,9,moving,1
1,4038279,2023-03-03 07:34:19.000,2023-03-03 08:29:19.000 +0100,"44,847019","7,722945","0",100,10,moving,1
1,3238672,2023-03-01 11:45:52.000,2023-03-01 12:40:52.000 +0100,"45,656544","11,81486","11",168,8,moving,1
1,3349327,2023-03-03 08:33:42.000,2023-03-03 09:28:42.000 +0100,"42,265041","12,260448","37",112,7,moving,1
1,1668877,2023-03-03 08:34:30.000,2023-03-03 09:29:30.000 +0100,"40,874416","14,574722","1",0,12,on,1
1,4216802,2023-03-03 10:23:03.000,2023-03-03 11:18:03.000 +0100,"40,497879","17,641296","13",154,19,moving,1
1,3380025,2023-03-01 14:27:17.000,2023-03-01 15:22:17.000 +0100,"45,134964","7,660178","33",268,7,moving,1
1,3380025,2023-03-01 14:34:17.000,2023-03-01 15:29:17.000 +0100,"45,105762","7,603372","106",244,7,moving,1
1,3380025,2023-03-01 14:40:17.000,2023-03-01 15:35:17.000 +0100,"45,071835","7,59097","21",118,8,moving,1
1,3238672,2023-03-03 11:56:38.000,2023-03-03 12:51:38.000 +0100,"45,64122","11,851733","0",0,11,moving,1
1,4502404,2023-03-03 11:58:46.000,2023-03-03 12:53:46.000 +0100,"44,496284","11,016541","0",0,26,moving,1
1,3380025,2023-03-03 11:34:46.000,2023-03-03 12:29:46.000 +0100,"44,332626","7,566112","0",0,10,moving,1
1,4446121,2023-03-03 12:06:58.000,2023-03-03 13:01:58.000 +0100,"40,645359","17,537313","0",0,9,moving,1
1,4320213,2023-03-03 13:26:11.000,2023-03-03 14:21:11.000 +0100,"38,107403","13,340579","7",170,10,moving,1
1,4038279,2023-03-01 17:30:35.000,2023-03-01 18:25:35.000 +0100,"44,983532","7,875737","16",84,13,moving,1
1,3238672,2023-03-01 16:35:47.000,2023-03-01 17:30:47.000 +0100,"45,684872","11,967188","53",96,10,moving,1
1,4038279,2023-03-01 17:04:44.000,2023-03-01 17:59:44.000 +0100,"44,849808","7,741919","45",82,9,moving,1
1,4320213,2023-03-01 17:25:23.000,2023-03-01 18:20:23.000 +0100,"38,077385","13,292011","6",68,11,moving,1
1,4038279,2023-03-03 15:17:44.000,2023-03-03 16:12:44.000 +0100,"44,849026","7,736598","44",78,8,moving,1
1,4038279,2023-03-03 15:18:24.000,2023-03-03 16:13:24.000 +0100,"44,850033","7,743578","65",74,8,moving,1
1,5966134,2023-03-01 20:14:39.000,2023-03-01 21:09:39.000 +0100,"43,719578","10,388893","28",204,8,moving,1
1,4320213,2023-03-02 05:42:28.000,2023-03-02 06:37:28.000 +0100,"38,099682","13,321993","14",62,14,moving,1
1,5966134,2023-03-03 17:16:06.000,2023-03-03 18:11:06.000 +0100,"43,583218","10,356709","114",202,6,moving,1
1,5966134,2023-03-03 17:05:06.000,2023-03-03 18:00:06.000 +0100,"43,703159","10,400965","48",190,9,moving,1
1,3349327,2023-03-02 06:06:41.000,2023-03-02 07:01:41.000 +0100,"42,29179","12,217116","14",244,14,moving,1
1,4320213,2023-03-03 17:41:22.000,2023-03-03 18:36:22.000 +0100,"38,131226","13,330126","42",4,9,moving,1
1,5966134,2023-03-02 07:06:13.000,2023-03-02 08:01:13.000 +0100,"43,714226","10,41307","32",326,7,moving,1
1,3238672,2023-03-02 07:08:33.000,2023-03-02 08:03:33.000 +0100,"45,656631","11,814875","0",0,9,moving,1
1,3263031,2023-03-02 06:58:42.000,2023-03-02 07:53:42.000 +0100,"45,576553","9,246506","0",0,9,moving,1
1,5966134,2023-03-03 18:11:10.000,2023-03-03 19:06:10.000 +0100,"43,695873","10,450058","0",336,8,on,1
1,5968068,2023-03-30 02:53:17.000,2023-03-30 04:48:17.000 +0200,"40,86997","17,28498","0",284,10,moving,2
1,4363005,2023-03-01 05:46:19.000,2023-03-01 06:41:19.000 +0100,"41,658333","13,321142","36",208,11,moving,1
1,4363005,2023-03-01 06:08:55.000,2023-03-01 07:03:55.000 +0100,"41,696724","13,359433","0",0,8,on,1
1,7236754,2023-03-30 07:17:43.000,2023-03-30 09:12:43.000 +0200,"43,568773","10,3143","31",23,10,moving,2
1,4412748,2023-03-01 06:23:30.000,2023-03-01 07:18:30.000 +0100,"44,734745","7,811532","55",344,9,moving,1
1,7236754,2023-03-30 07:23:13.000,2023-03-30 09:18:13.000 +0200,"43,57391","10,340513","30",232,10,moving,2
1,4412748,2023-03-01 06:29:30.000,2023-03-01 07:24:30.000 +0100,"44,768261","7,78407","23",14,9,moving,1
1,4636867,2023-03-01 06:34:05.000,2023-03-01 07:29:05.000 +0100,"40,92828","14,53198","0",0,14,moving,1
1,1666273,2023-03-01 06:14:35.000,2023-03-01 07:09:35.000 +0100,"45,080109","6,903865","23",12,15,moving,1
1,5968068,2023-03-29 13:04:09.000,2023-03-29 14:59:09.000 +0200,"40,94596","17,30017","1",46,10,moving,2
1,4650383,2023-03-01 07:25:38.000,2023-03-01 08:20:38.000 +0100,"43,723083","11,011203","75",236,9,on,1
1,4412748,2023-03-01 07:06:30.000,2023-03-01 08:01:30.000 +0100,"44,994709","7,681413","67",296,7,moving,1
1,4647590,2023-03-01 07:27:24.000,2023-03-01 08:22:24.000 +0100,"45,555523","9,234285","51",262,12,moving,1
1,4269354,2023-03-01 07:22:02.000,2023-03-01 08:17:02.000 +0100,"42,65456","14,000417","38",340,9,moving,1
1,4632874,2023-03-01 08:03:08.000,2023-03-01 08:58:08.000 +0100,"41,952606","12,585959","68",148,10,moving,1
1,4650383,2023-03-01 07:52:41.000,2023-03-01 08:47:41.000 +0100,"43,647076","10,626611","78",260,9,on,1
1,4269354,2023-03-01 08:50:03.000,2023-03-01 09:45:03.000 +0100,"42,650764","13,976409","34",64,7,moving,1
1,5968068,2023-03-30 12:01:51.000,2023-03-30 13:56:51.000 +0200,"40,88757","17,23625","0",114,10,moving,2
1,2778109,2023-03-31 02:27:05.000,2023-03-31 04:22:05.000 +0200,"45,20366","11,253595","0",91,80,moving,2
1,5235911,2023-03-01 09:00:24.000,2023-03-01 09:55:24.000 +0100,"41,589096","12,829865","0",0,15,moving,1
1,4412748,2023-03-01 09:06:05.000,2023-03-01 10:01:05.000 +0100,"45,049843","7,651655","28",56,9,moving,1
1,5235911,2023-03-01 09:17:24.000,2023-03-01 10:12:24.000 +0100,"41,597412","12,68562","49",328,9,moving,1
1,3353767,2023-03-01 10:31:37.000,2023-03-01 11:26:37.000 +0100,"42,166729","12,125637","13",120,10,moving,1
1,5968068,2023-03-31 10:34:17.000,2023-03-31 12:29:17.000 +0200,"40,84764","17,23403","6",34,10,moving,2
1,5968068,2023-03-30 11:22:46.000,2023-03-30 13:17:46.000 +0200,"40,84746","17,27974","0",232,10,moving,2
1,4412748,2023-03-01 11:02:01.000,2023-03-01 11:57:01.000 +0100,"45,05415","7,675407","0",0,9,moving,1
1,5968068,2023-03-30 11:21:46.000,2023-03-30 13:16:46.000 +0200,"40,84746","17,27974","0",232,10,moving,2
1,1666273,2023-03-01 10:45:55.000,2023-03-01 11:40:55.000 +0100,"45,118328","6,977942","0",0,22,moving,1
1,2778109,2023-03-31 10:21:42.000,2023-03-31 12:16:42.000 +0200,"45,202633","11,254388","0",25,10,moving,2
1,4636867,2023-03-01 10:57:44.000,2023-03-01 11:52:44.000 +0100,"40,92308","14,535694","0",0,8,on,1
1,4428536,2023-03-01 11:12:02.000,2023-03-01 12:07:02.000 +0100,"40,80619","14,624622","4",0,14,on,1
1,4269354,2023-03-01 11:21:52.000,2023-03-01 12:16:52.000 +0100,"42,654121","13,98641","2",0,8,on,1
1,4269354,2023-03-01 11:20:07.000,2023-03-01 12:15:07.000 +0100,"42,657928","14,001515","50",250,9,moving,1
1,5968068,2023-03-30 04:45:38.000,2023-03-30 06:40:38.000 +0200,"40,86295","17,27175","65",10,10,moving,2
1,5968068,2023-03-29 12:09:02.000,2023-03-29 14:04:02.000 +0200,"40,88838","17,22956","90",96,10,moving,2
1,4647590,2023-03-01 12:17:44.000,2023-03-01 13:12:44.000 +0100,"45,555183","9,262503","103",76,11,moving,1
1,5968068,2023-03-29 10:34:20.000,2023-03-29 12:29:20.000 +0200,"40,83504","17,24285","73",312,10,moving,2
1,1649101,2023-03-01 13:04:39.000,2023-03-01 13:59:39.000 +0100,"45,603535","8,756795","0",0,10,on,1
1,7236754,2023-03-30 07:24:02.000,2023-03-30 09:19:02.000 +0200,"43,571256","10,340506","10",89,10,moving,2
1,5968068,2023-03-30 03:32:17.000,2023-03-30 05:27:17.000 +0200,"40,8927","17,24171","19",326,10,moving,2
1,2778109,2023-03-30 05:22:04.000,2023-03-30 07:17:04.000 +0200,"45,202573","11,254146","4",203,10,moving,2
1,3326998,2023-03-01 13:37:27.000,2023-03-01 14:32:27.000 +0100,"44,697605","7,849973","9",154,11,moving,1
1,5968068,2023-03-30 12:06:55.000,2023-03-30 14:01:55.000 +0200,"40,88451","17,22389","47",358,10,moving,2
1,5968068,2023-03-31 04:29:38.000,2023-03-31 06:24:38.000 +0200,"40,83876","17,27678","16",330,10,moving,2
1,4502037,2023-03-01 13:41:57.000,2023-03-01 14:36:57.000 +0100,"41,908909","12,52323","38",288,11,moving,1
1,4533579,2023-03-01 14:10:00.000,2023-03-01 15:05:00.000 +0100,"39,311813","16,244587","19",170,13,moving,1
1,7236754,2023-03-29 07:01:42.000,2023-03-29 08:56:42.000 +0200,"43,549913","10,309841","0",0,10,moving,2
1,7236754,2023-03-30 07:49:37.000,2023-03-30 09:44:37.000 +0200,"43,56948","10,345583","0",0,10,on,2
1,4215254,2023-03-01 14:46:48.000,2023-03-01 15:41:48.000 +0100,"41,899025","12,537492","0",54,34,moving,1
1,5235911,2023-03-01 14:43:44.000,2023-03-01 15:38:44.000 +0100,"41,57711","12,667953","11",268,19,moving,1
1,3353767,2023-03-01 15:30:51.000,2023-03-01 16:25:51.000 +0100,"42,166771","12,125588","16",156,10,moving,1
1,4215254,2023-03-01 15:03:10.000,2023-03-01 15:58:10.000 +0100,"41,905247","12,549216","1",350,13,moving,1
1,5968068,2023-03-30 13:00:55.000,2023-03-30 14:55:55.000 +0200,"40,94331","17,30333","33",144,10,moving,2
1,1671140,2023-03-01 17:29:18.000,2023-03-01 18:24:18.000 +0100,"40,927193","14,522756","17",196,9,moving,1
1,1666273,2023-03-01 16:56:54.000,2023-03-01 17:51:54.000 +0100,"45,118313","6,978198","1",0,17,moving,1
1,5968068,2023-03-29 04:00:00.000,2023-03-29 05:55:00.000 +0200,"40,8335","17,24463","85",138,10,moving,2
1,5968068,2023-03-29 04:45:07.000,2023-03-29 06:40:07.000 +0200,"40,87051","17,27855","55",348,10,moving,2
1,3353767,2023-03-01 18:10:10.000,2023-03-01 19:05:10.000 +0100,"42,16679","12,125522","11",210,10,moving,1
1,5053430,2023-03-01 04:36:30.000,2023-03-01 05:31:30.000 +0100,"45,717728","9,323108","0",0,14,moving,1
1,4609986,2023-03-01 05:28:51.000,2023-03-01 06:23:51.000 +0100,"45,043411","7,611392","0",0,8,on,1
1,4468544,2023-03-01 03:39:45.000,2023-03-01 04:34:45.000 +0100,"45,741932","8,51858","0",0,9,on,1
1,4619650,2023-03-02 16:16:40.000,2023-03-02 17:11:40.000 +0100,"38,194263","13,251962","72",194,13,moving,1
1,1658351,2023-03-02 10:28:14.000,2023-03-02 11:23:14.000 +0100,"41,896408","12,521014","1",0,18,on,1
1,5261419,2023-03-01 04:49:35.000,2023-03-01 05:44:35.000 +0100,"44,497292","25,855417","52",260,10,moving,1
1,4596344,2023-03-01 05:56:17.000,2023-03-01 06:51:17.000 +0100,"45,94738","12,315298","0",114,8,moving,1
1,3345406,2023-03-01 05:23:59.000,2023-03-01 06:18:59.000 +0100,"45,306873","8,844913","35",262,9,moving,1
1,4596344,2023-03-01 05:55:02.000,2023-03-01 06:50:02.000 +0100,"45,94738","12,315298","0",114,8,moving,1
1,4445081,2023-03-01 05:36:53.000,2023-03-01 06:31:53.000 +0100,"44,318863","9,3655","1",174,16,on,1
1,3354229,2023-03-23 10:38:12.000,2023-03-23 11:33:12.000 +0100,"40,931988","14,222259","22",74,9,moving,1
1,6020254,2023-03-01 05:04:02.000,2023-03-01 05:59:02.000 +0100,"41,013279","16,706858","0",100,13,moving,1
1,1682390,2023-03-01 05:54:54.000,2023-03-01 06:49:54.000 +0100,"40,869511","14,512472","0",0,12,moving,1
1,7237776,2023-03-27 02:39:29.000,2023-03-27 04:34:29.000 +0200,"45,54447","9,477488","0",8,10,moving,2
1,3309905,2023-03-01 05:45:58.000,2023-03-01 06:40:58.000 +0100,"45,817635","9,213724","25",286,31,moving,1
1,6020254,2023-03-01 05:06:47.000,2023-03-01 06:01:47.000 +0100,"41,018364","16,709648","0",172,8,moving,1
1,4333986,2023-03-02 16:30:17.000,2023-03-02 17:25:17.000 +0100,"45,780315","8,998604","38",126,11,moving,1
1,7253771,2023-03-24 10:16:34.000,2023-03-24 11:11:34.000 +0100,"45,563591","9,182931","56",253,10,moving,2
1,4588984,2023-03-01 05:24:54.000,2023-03-01 06:19:54.000 +0100,"41,49612","12,6377","58",184,10,moving,1
1,4551397,2023-03-29 13:53:32.000,2023-03-29 15:48:32.000 +0200,"41,77147","12,33438","1",278,10,on,2
1,2782135,2023-03-24 11:31:04.000,2023-03-24 12:26:04.000 +0100,"41,412813","12,976786","44",310,10,moving,2
1,3309905,2023-03-01 05:47:23.000,2023-03-01 06:42:23.000 +0100,"45,817635","9,213724","25",286,31,moving,1
1,7253771,2023-03-27 01:05:41.000,2023-03-27 03:00:41.000 +0200,"45,829958","9,264325","64",236,10,moving,2
1,4600377,2023-03-24 07:18:40.000,2023-03-24 08:13:40.000 +0100,"41,08569","14,25412","1",0,10,moving,2
1,5261419,2023-03-01 02:21:53.000,2023-03-01 03:16:53.000 +0100,"44,436913","25,720819","76",148,11,moving,1
1,6010789,2023-03-02 16:40:39.000,2023-03-02 17:35:39.000 +0100,"40,90044","14,344542","36",176,6,moving,1
1,4545913,2023-03-01 06:01:02.000,2023-03-01 06:56:02.000 +0100,"44,491241","11,329187","4",166,12,moving,1
1,5259000,2023-03-01 04:23:31.000,2023-03-01 05:18:31.000 +0100,"43,411209","11,131915","1",0,15,moving,1
1,4563456,2023-03-01 06:34:33.000,2023-03-01 07:29:33.000 +0100,"41,8526","12,45103","5",222,14,moving,1
1,4642606,2023-03-01 06:27:50.000,2023-03-01 07:22:50.000 +0100,"40,833931","17,365519","31",300,9,moving,1
1,5074140,2023-03-01 05:44:11.000,2023-03-01 06:39:11.000 +0100,"45,616169","9,234789","0",0,29,moving,1
1,4537239,2023-03-01 06:27:51.000,2023-03-01 07:22:51.000 +0100,"41,73069","12,653902","39",90,10,moving,1
1,3319382,2023-03-02 17:01:48.000,2023-03-02 17:56:48.000 +0100,"40,47929","17,227165","10",210,9,moving,1
1,4588984,2023-03-23 11:16:02.000,2023-03-23 12:11:02.000 +0100,"41,46043","12,678772","0",238,10,moving,1
1,4487022,2023-03-02 16:38:25.000,2023-03-02 17:33:25.000 +0100,"41,120724","16,385433","63",32,11,moving,1
1,7253771,2023-03-27 04:33:59.000,2023-03-27 06:28:59.000 +0200,"46,066416","9,309731","49",338,10,moving,2
1,4631083,2023-03-01 06:24:47.000,2023-03-01 07:19:47.000 +0100,"38,890339","16,719124","57",228,8,moving,1
1,4551397,2023-03-31 02:43:02.000,2023-03-31 04:38:02.000 +0200,"41,78162","12,35598","59",54,10,moving,2
1,4468544,2023-03-23 11:01:59.000,2023-03-23 11:56:59.000 +0100,"45,757401","8,552469","0",0,22,moving,1
1,4642606,2023-03-01 06:26:35.000,2023-03-01 07:21:35.000 +0100,"40,832684","17,362608","22",44,9,moving,1
1,4631083,2023-03-01 06:49:16.000,2023-03-01 07:44:16.000 +0100,"38,705357","16,531622","100",166,8,moving,1
1,2763992,2023-03-27 05:00:49.000,2023-03-27 06:55:49.000 +0200,"41,637753","13,601358","31",249,10,moving,2
1,7238862,2023-03-27 04:26:38.000,2023-03-27 06:21:38.000 +0200,"45,443095","12,090861","23",21,10,moving,2
1,3319382,2023-03-02 17:30:52.000,2023-03-02 18:25:52.000 +0100,"40,517448","17,261797","0",0,12,on,1
1,4325231,2023-03-02 16:43:11.000,2023-03-02 17:38:11.000 +0100,"37,097595","15,265968","30",84,12,moving,1
1,4266480,2023-03-01 06:28:04.000,2023-03-01 07:23:04.000 +0100,"41,314533","16,273212","13",210,10,moving,1
1,3319382,2023-03-02 17:26:35.000,2023-03-02 18:21:35.000 +0100,"40,502419","17,240328","14",36,11,moving,1
1,7238862,2023-03-28 03:32:55.000,2023-03-28 05:27:55.000 +0200,"41,850071","12,596333","4",194,10,moving,2
1,3176040,2023-03-02 16:02:09.000,2023-03-02 16:57:09.000 +0100,"38,923679","16,246525","0",0,15,on,1
1,1675165,2023-03-02 17:23:53.000,2023-03-02 18:18:53.000 +0100,"41,655521","12,653972","71",2,12,moving,1
1,6020254,2023-03-01 06:43:22.000,2023-03-01 07:38:22.000 +0100,"41,013306","16,706791","0",56,6,moving,1
1,7237776,2023-03-27 04:28:27.000,2023-03-27 06:23:27.000 +0200,"45,543551","9,485496","14",340,10,moving,2
1,4124844,2023-03-02 17:54:30.000,2023-03-02 18:49:30.000 +0100,"45,668266","8,70488","15",310,33,moving,1
1,4376730,2023-03-02 17:31:50.000,2023-03-02 18:26:50.000 +0100,"43,994637","10,177292","51",126,11,moving,1
1,7237776,2023-03-27 05:24:33.000,2023-03-27 07:19:33.000 +0200,"45,537988","9,492648","37",282,10,moving,2
1,1649044,2023-03-01 04:46:45.000,2023-03-01 05:41:45.000 +0100,"38,150787","13,329642","11",340,24,moving,1
1,3271987,2023-03-01 05:43:07.000,2023-03-01 06:38:07.000 +0100,"45,240696","11,331992","33",274,18,moving,1
1,4512077,2023-03-02 18:52:02.000,2023-03-02 19:47:02.000 +0100,"45,494022","8,934552","58",348,10,moving,1
1,2775026,2023-03-29 09:42:23.000,2023-03-29 11:37:23.000 +0200,"45,7212","9,714623","54",39,10,moving,2
1,7254005,2023-03-30 11:20:10.000,2023-03-30 13:15:10.000 +0200,"41,242251","16,50846","45",127,10,moving,2
1,2775026,2023-03-29 09:55:49.000,2023-03-29 11:50:49.000 +0200,"45,746721","9,77174","7",303,10,moving,2
1,7254005,2023-03-31 04:13:25.000,2023-03-31 06:08:25.000 +0200,"41,234735","16,495991","0",0,10,moving,2
1,7254005,2023-03-29 06:41:15.000,2023-03-29 08:36:15.000 +0200,"41,24506","16,488388","0",0,10,moving,2
1,7254005,2023-03-31 04:21:05.000,2023-03-31 06:16:05.000 +0200,"41,234651","16,493346","0",0,10,moving,2
1,7254005,2023-03-30 09:00:50.000,2023-03-30 10:55:50.000 +0200,"41,224125","16,537645","0",0,10,moving,2
1,7247591,2023-03-29 06:18:28.000,2023-03-29 08:13:28.000 +0200,"44,638846","11,372663","37",284,10,moving,2
1,5259529,2023-03-01 05:22:58.000,2023-03-01 06:17:58.000 +0100,"41,549187","2,082309","35",288,11,moving,1
1,7247591,2023-03-29 06:40:09.000,2023-03-29 08:35:09.000 +0200,"44,710615","11,310103","30",109,10,moving,2
1,2775026,2023-03-30 07:02:07.000,2023-03-30 08:57:07.000 +0200,"45,74838","9,761578","24",121,10,moving,2
1,7254005,2023-03-30 09:14:10.000,2023-03-30 11:09:10.000 +0200,"41,222715","16,510336","61",271,10,moving,2
1,7254005,2023-03-30 09:37:40.000,2023-03-30 11:32:40.000 +0200,"41,241578","16,489666","20",56,10,moving,2
1,5259529,2023-03-01 05:59:30.000,2023-03-01 06:54:30.000 +0100,"41,418507","2,183969","13",236,10,moving,1
1,7254005,2023-03-31 04:24:05.000,2023-03-31 06:19:05.000 +0200,"41,234656","16,493605","0",0,10,moving,2
1,7254005,2023-03-31 02:33:58.000,2023-03-31 04:28:58.000 +0200,"41,231426","16,496616","18",23,10,moving,2
1,7254005,2023-03-30 09:22:00.000,2023-03-30 11:17:00.000 +0200,"41,22447","16,50285","19",202,10,moving,2
1,7254005,2023-03-30 09:13:46.000,2023-03-30 11:08:46.000 +0200,"41,222503","16,514501","38",276,10,moving,2
1,5259529,2023-03-01 05:52:30.000,2023-03-01 06:47:30.000 +0100,"41,425354","2,186153","30",156,9,moving,1
1,4309117,2023-03-01 06:21:05.000,2023-03-01 07:16:05.000 +0100,"46,034744","9,120317","0",0,21,moving,1
1,4642511,2023-03-01 06:54:05.000,2023-03-01 07:49:05.000 +0100,"40,94416","14,538843","32",228,9,moving,1
1,7254005,2023-03-31 04:11:55.000,2023-03-31 06:06:55.000 +0200,"41,234733","16,496328","0",0,10,moving,2
1,7254005,2023-03-31 02:04:53.000,2023-03-31 03:59:53.000 +0200,"41,22388","16,537655","0",0,10,moving,2
1,7254005,2023-03-31 04:21:51.000,2023-03-31 06:16:51.000 +0200,"41,234463","16,493195","0",0,10,moving,2
1,7254005,2023-03-29 05:43:45.000,2023-03-29 07:38:45.000 +0200,"41,242223","16,494293","0",0,10,moving,2
1,2767867,2023-03-29 07:23:25.000,2023-03-29 09:18:25.000 +0200,"45,623233","9,33783","0",0,10,moving,2
1,7254005,2023-03-31 05:59:03.000,2023-03-31 07:54:03.000 +0200,"41,227643","16,496868","0",0,10,moving,2
1,4475760,2023-03-01 07:17:19.000,2023-03-01 08:12:19.000 +0100,"45,521267","11,486487","58",66,14,moving,1
1,7254005,2023-03-30 11:33:27.000,2023-03-30 13:28:27.000 +0200,"41,24363","16,50371","27",225,10,moving,2
1,7254005,2023-03-30 09:00:10.000,2023-03-30 10:55:10.000 +0200,"41,223608","16,537683","34",22,10,moving,2
1,7254005,2023-03-31 05:26:33.000,2023-03-31 07:21:33.000 +0200,"41,23212","16,51919","52",281,10,moving,2
1,7254005,2023-03-31 00:48:58.000,2023-03-31 02:43:58.000 +0200,"41,233858","16,510815","30",122,10,moving,2
1,5966489,2023-03-01 08:16:38.000,2023-03-01 09:11:38.000 +0100,"39,089451","17,108412","52",164,6,moving,1
1,5966489,2023-03-01 08:07:35.000,2023-03-01 09:02:35.000 +0100,"39,156235","17,040726","80",168,7,moving,1
1,4606613,2023-03-01 08:31:49.000,2023-03-01 09:26:49.000 +0100,"41,753586","12,338506","59",244,9,moving,1
1,4559823,2023-03-01 08:30:22.000,2023-03-01 09:25:22.000 +0100,"42,295937","14,333557","0",210,26,moving,1
1,7254005,2023-03-31 04:41:56.000,2023-03-31 06:36:56.000 +0200,"41,235941","16,491396","5",195,10,moving,2
1,4320964,2023-03-01 09:22:02.000,2023-03-01 10:17:02.000 +0100,"40,937195","14,101592","0",0,9,on,1
1,7254005,2023-03-29 03:44:35.000,2023-03-29 05:39:35.000 +0200,"41,235683","16,515848","0",0,10,moving,2
1,4444658,2023-03-01 09:45:47.000,2023-03-01 10:40:47.000 +0100,"40,904545","14,169097","31",278,33,moving,1
1,7254005,2023-03-28 22:56:54.000,2023-03-29 00:51:54.000 +0200,"41,239246","16,499838","13",240,10,moving,2
1,7254005,2023-03-31 02:46:38.000,2023-03-31 04:41:38.000 +0200,"41,232908","16,499278","0",0,10,moving,2
1,7254005,2023-03-28 22:48:27.000,2023-03-29 00:43:27.000 +0200,"41,239978","16,502045","2",9,10,moving,2
1,7254005,2023-03-29 02:51:53.000,2023-03-29 04:46:53.000 +0200,"41,239693","16,507481","0",0,10,moving,2
1,7254005,2023-03-28 22:28:07.000,2023-03-29 00:23:07.000 +0200,"41,238506","16,49919","0",0,10,moving,2
1,7254005,2023-03-30 23:53:12.000,2023-03-31 01:48:12.000 +0200,"41,230531","16,486921","0",0,10,moving,2
1,5088548,2023-03-01 10:30:27.000,2023-03-01 11:25:27.000 +0100,"43,910809","8,084357","3",0,15,moving,1
1,7254005,2023-03-30 23:50:22.000,2023-03-31 01:45:22.000 +0200,"41,230505","16,486933","0",0,10,moving,2
1,4201915,2023-03-01 11:14:08.000,2023-03-01 12:09:08.000 +0100,"41,26664","16,436319","14",16,9,moving,1
1,1678157,2023-03-01 11:33:16.000,2023-03-01 12:28:16.000 +0100,"45,176773","7,714341","48",8,9,moving,1
1,4642511,2023-03-01 12:04:52.000,2023-03-01 12:59:52.000 +0100,"40,9594","14,538141","15",266,11,moving,1
1,4642511,2023-03-01 12:08:02.000,2023-03-01 13:03:02.000 +0100,"40,959354","14,537913","6",66,10,moving,1
1,4444658,2023-03-01 11:27:20.000,2023-03-01 12:22:20.000 +0100,"40,916683","14,205497","14",182,30,moving,1
1,4444658,2023-03-01 12:03:35.000,2023-03-01 12:58:35.000 +0100,"40,902073","14,19053","0",188,30,moving,1
1,7254005,2023-03-31 05:01:46.000,2023-03-31 06:56:46.000 +0200,"41,233081","16,491426","0",0,10,moving,2
1,4444658,2023-03-01 11:29:50.000,2023-03-01 12:24:50.000 +0100,"40,913296","14,206839","14",252,30,moving,1
1,4444658,2023-03-01 11:23:20.000,2023-03-01 12:18:20.000 +0100,"40,91951","14,225101","15",166,30,moving,1
1,1648853,2023-03-01 12:05:42.000,2023-03-01 13:00:42.000 +0100,"38,253502","16,276476","13",96,9,moving,1
1,7240052,2023-03-27 13:23:53.000,2023-03-27 15:18:53.000 +0200,"45,569156","9,088911","41",37,10,moving,2
1,4569595,2023-03-23 09:49:59.000,2023-03-23 10:44:59.000 +0100,"44,876514","9,972173","4",0,15,moving,1
1,6010960,2023-03-23 09:42:12.000,2023-03-23 10:37:12.000 +0100,"40,832291","14,055015","30",350,6,moving,1
1,4585085,2023-03-02 16:11:33.000,2023-03-02 17:06:33.000 +0100,"45,525791","11,612929","0",0,10,moving,1
1,4550831,2023-03-23 09:20:57.000,2023-03-23 10:15:57.000 +0100,"45,486111","9,225986","0",0,12,moving,1
1,6014376,2023-03-23 09:43:11.000,2023-03-23 10:38:11.000 +0100,"44,428741","8,835522","28",272,13,moving,1
1,2782191,2023-03-27 20:38:41.000,2023-03-27 22:33:41.000 +0200,"42,501193","14,138461","13",310,10,moving,2
1,1657454,2023-03-02 17:22:33.000,2023-03-02 18:17:33.000 +0100,"45,461552","8,624796","0",0,13,moving,1
1,5267488,2023-03-02 16:21:02.000,2023-03-02 17:16:02.000 +0100,"40,907169","14,749434","0",0,13,moving,1
1,6010960,2023-03-23 09:47:12.000,2023-03-23 10:42:12.000 +0100,"40,820175","14,049144","0",10,7,moving,1
1,2775368,2023-03-27 11:57:58.000,2023-03-27 13:52:58.000 +0200,"45,64102","9,753061","41",187,10,moving,2
1,6014376,2023-03-23 09:46:11.000,2023-03-23 10:41:11.000 +0100,"44,426918","8,840653","11",94,10,moving,1
1,5052128,2023-03-02 16:14:21.000,2023-03-02 17:09:21.000 +0100,"44,822762","11,590046","3",0,14,moving,1
1,4585085,2023-03-02 16:28:33.000,2023-03-02 17:23:33.000 +0100,"45,551979","11,561685","0",0,10,moving,1
